Symbol,Sector,SharessOutstanding,MarketPrice,PercentChange,LastTradeON,52LowHigh,180Ave,120Ave,OneYearYield,EPS,P/E,BookValue,Pbv,Dividend,random,Bonus,Rand
NMBD2085,Corporate Debenture,,930.00,0 %,2022/10/09 03:00:00,"1,030.00-896.00",919.68,919.68,0.00%,"0.00                                                                    (FY:, Q:0)",0.00,0.00,930.00,,0,,0,
HBLD83,Corporate Debenture,,"1,083.00",2 %,2022/01/09 03:00:00,"1,083.00-1,050.00","1,083.00",0.00,-0.04%,"0.00                                                                    (FY:, Q:0)",0.00,0.00,"1,083.00",,0,,0,
LBLD86,Corporate Debenture,,951.60,-2 %,2022/07/03 03:00:00,"1,025.00-951.60",961.30,951.60,-8.94%,"0.00                                                                    (FY:, Q:0)",0.00,0.00,951.60,,0,,0,
NBLD82,Corporate Debenture,,928.40,2 %,2022/08/28 03:00:00,"1,045.00-910.20",925.93,924.93,-8.98%,"0.00                                                                    (FY:, Q:0)",0.00,0.00,928.40,,0,,0,
SBIBD86,Corporate Debenture,,900.00,-0.18 %,2022/10/13 03:00:00,"1,025.00-898.00",931.36,923.99,-12.20%,"0.00                                                                    (FY:, Q:0)",0.00,0.00,900.00,,0,,0,
NICAD 85/86,Corporate Debenture,"2,404,688.00",0.00,0 %,,0.00-0.00,0.00,0.00,0.00%,"0.00                                                                    (FY:, Q:0)",0.00,0.00,0.00,,0,,0,
PBLD84,Corporate Debenture,,875.00,-2.78 %,2022/10/11 03:00:00,"1,049.60-875.00",957.10,949.04,-14.88%,"0.00                                                                    (FY:, Q:0)",0.00,0.00,875.00,,0,,0,
PBD88,Corporate Debenture,"1,741,884.00",839.10,0.97 %,2022/10/17 03:00:00,"1,000.00-798.00",844.04,844.04,0.00%,"0.00                                                                    (FY:, Q:0)",0.00,0.00,839.10,,0,,0,
SAND2085,Corporate Debenture,"2,000,000.00","1,004.50",-2 %,2022/07/27 03:00:00,"1,025.10-930.10",964.80,968.50,-1.52%,"0.00                                                                    (FY:, Q:0)",0.00,0.00,"1,004.50",,0,,0,
SRD80,Corporate Debenture,"1,000,000.00",969.00,1.99 %,2022/10/09 03:00:00,"1,025.00-920.00",945.83,944.50,-3.10%,"0.00                                                                    (FY:, Q:0)",0.00,0.00,969.00,,0,,0,
PBD84,Corporate Debenture,"5,000,000.00",0.00,0 %,,0.00-0.00,0.00,0.00,0.00%,"0.00                                                                    (FY:, Q:0)",0.00,0.00,0.00,,0,,0,
CIZBD86,,,,,,,,,,,,,,,0,,0,
GBD80/81,Corporate Debenture,"103,105,160.00",965.00,0.52 %,2022/10/10 03:00:00,"1,030.00-920.00",956.19,955.44,-5.85%,"0.00                                                                    (FY:, Q:0)",0.00,0.00,965.00,,0,,0,
KBLD86,Corporate Debenture,"3,000,000.00",897.10,0.01 %,2022/09/27 03:00:00,"1,074.00-896.70",936.31,931.00,-16.47%,"0.00                                                                    (FY:, Q:0)",0.00,0.00,897.10,,0,,0,
MBLD2085,Corporate Debenture,,"1,101.10",1.99 %,2022/08/29 03:00:00,"1,101.10-941.40","1,050.38","1,050.38",2.33%,"0.00                                                                    (FY:, Q:0)",0.00,0.00,"1,101.10",,0,,0,
NBBD2085,Corporate Debenture,,"1,069.00",-0.65 %,2022/05/18 03:00:00,"1,078.00-1,040.00","1,069.00",0.00,-2.82%,"0.00                                                                    (FY:, Q:0)",0.00,0.00,"1,069.00",,0,,0,
NICD83/84,Corporate Debenture,,917.00,-1.8 %,2022/09/20 03:00:00,"1,035.00-915.50",938.57,935.53,-10.45%,"0.00                                                                    (FY:, Q:0)",0.00,0.00,917.00,,0,,0,
PBLD86,Corporate Debenture,,925.50,-1.54 %,2022/09/12 03:00:00,"1,045.00-900.10",926.12,923.68,-10.58%,"0.00                                                                    (FY:, Q:0)",0.00,0.00,925.50,,0,,0,
SBLD83,Corporate Debenture,"2,401,482.00",940.00,0 %,2022/08/26 03:00:00,"1,026.00-920.00",934.38,934.38,-10.14%,"0.00                                                                    (FY:, Q:0)",0.00,0.00,940.00,,0,,0,
SRBLD83,Corporate Debenture,,930.10,-0.42 %,2022/09/25 03:00:00,"1,040.40-902.10",927.54,927.01,-7.64%,"0.00                                                                    (FY:, Q:0)",0.00,0.00,930.10,,0,,0,
ADBLD83,Corporate Debenture,,950.00,0 %,2022/10/12 03:00:00,"1,091.00-945.70",973.72,977.92,-7.95%,"0.00                                                                    (FY:, Q:0)",0.00,0.00,950.00,,0,,0,
NIBD2082,Corporate Debenture,,911.40,0.1 %,2022/10/17 03:00:00,"1,087.70-905.10",952.99,948.15,-10.65%,"0.00                                                                    (FY:, Q:0)",0.00,0.00,911.40,,0,,0,
SBLD2082,Corporate Debenture,,"1,020.80",-2 %,2022/09/27 03:00:00,"1,100.00-1,005.00","1,031.40","1,031.40",-0.41%,"0.00                                                                    (FY:, Q:0)",0.00,0.00,"1,020.80",,0,,0,
NICAD8283,Corporate Debenture,,"1,044.70",-3.95 %,2022/10/10 03:00:00,"1,130.10-989.90","1,010.07","1,014.03",0.84%,"0.00                                                                    (FY:, Q:0)",0.00,0.00,"1,044.70",,0,,0,
GWFD83,Corporate Debenture,,"1,005.00",1.54 %,2022/10/11 03:00:00,"1,173.00-989.80","1,055.27","1,053.83",-11.84%,"0.00                                                                    (FY:, Q:0)",0.00,0.00,"1,005.00",,0,,0,
ICFCD83,Corporate Debenture,"200,000.00","1,005.00",1.71 %,2022/10/11 03:00:00,"1,190.00-988.10","1,041.39","1,033.74",-10.27%,"0.00                                                                    (FY:, Q:0)",0.00,0.00,"1,005.00",,0,,0,
ADBLB,,,,,,,,,,,,,,,0,,0,
BOKD2079,Corporate Debenture,,0.00,0 %,,0.00-0.00,0.00,0.00,0.00%,"0.00                                                                    (FY:, Q:0)",0.00,0.00,0.00,,0,,0,
BOKD86,Corporate Debenture,"1,600,000.00",756.60,-0.15 %,2022/10/17 03:00:00,"1,000.00-742.90",786.78,786.78,0.00%,"0.00                                                                    (FY:, Q:0)",0.00,0.00,756.60,,0,,0,
LBLD88,Corporate Debenture,"2,000,000.00",960.40,-2 %,2022/09/27 03:00:00,990.00-923.50,960.40,960.40,0.67%,"0.00                                                                    (FY:, Q:0)",0.00,0.00,960.40,,0,,0,
MBLD87,Corporate Debenture,"3,000,000.00",0.00,0 %,,0.00-0.00,0.00,0.00,0.00%,"0.00                                                                    (FY:, Q:0)",0.00,0.00,0.00,,0,,0,
NBLD87,Corporate Debenture,"3,500,000.00",880.00,-2.63 %,2022/09/22 03:00:00,"1,020.00-880.00",954.33,902.00,0.00%,"0.00                                                                    (FY:, Q:0)",0.00,0.00,880.00,,0,,0,
NIBD84,Corporate Debenture,"4,000,000.00",754.00,-1.5 %,2022/10/16 03:00:00,"1,000.00-754.00",831.26,820.29,0.00%,"0.00                                                                    (FY:, Q:0)",0.00,0.00,754.00,,0,,0,
PBLD87,Corporate Debenture,"2,650,000.00",0.00,0 %,,0.00-0.00,0.00,0.00,0.00%,"0.00                                                                    (FY:, Q:0)",0.00,0.00,0.00,,0,,0,
RBBD83,Corporate Debenture,,0.00,0 %,,0.00-0.00,0.00,0.00,0.00%,"0.00                                                                    (FY:, Q:0)",0.00,0.00,0.00,,0,,0,
SBD87,Corporate Debenture,,750.00,1.76 %,2022/10/17 03:00:00,995.00-732.60,799.96,782.92,-21.73%,"0.00                                                                    (FY:, Q:0)",0.00,0.00,750.00,,0,,0,
SBLD84,Corporate Debenture,,801.20,-1.75 %,2022/09/25 03:00:00,960.80-800.00,843.62,831.98,-16.19%,"0.00                                                                    (FY:, Q:0)",0.00,0.00,801.20,,0,,0,
PBD85,Corporate Debenture,"2,447,963.00",785.00,0 %,2022/10/17 03:00:00,969.00-785.00,820.93,808.82,-18.24%,"0.00                                                                    (FY:, Q:0)",0.00,0.00,785.00,,0,,0,
KSBBLD87,,,,,,,,,,,,,,,0,,0,
NICAD8182,Corporate Debenture,,922.90,0.26 %,2022/09/18 03:00:00,998.90-900.10,926.60,919.07,-7.71%,"0.00                                                                    (FY:, Q:0)",0.00,0.00,922.90,,0,,0,
MFLD85,Corporate Debenture,"500,000.00",823.20,-2 %,2022/10/13 03:00:00,"1,014.90-813.00",864.77,859.02,-15.57%,"0.00                                                                    (FY:, Q:0)",0.00,0.00,823.20,,0,,0,
NCCD86,Corporate Debenture,,895.00,0 %,2022/10/10 03:00:00,"1,005.00-867.00",904.02,898.47,-8.95%,"0.00                                                                    (FY:, Q:0)",0.00,0.00,895.00,,0,,0,
ACLBSL,Microfinance,"3,671,434.10",712.00,-0.42 %,2022/10/17 03:00:00,"1,660.00-688.20",842.21,818.52,-52.21%,"19.16                                                                    (FY:078-079, Q:4)",37.16,138.51,5.14,,0,,1.,
ADLB,Microfinance,"207,000.00",318.70,1.98 %,2022/09/25 03:00:00,318.70-256.80,282.19,282.19,0.00%,"33.30                                                                    (FY:078-079, Q:4)",9.57,159.88,1.99,,0,,0,
AKBSL,Microfinance,"1,000,000.00","1,370.00",2.7 %,2022/07/06 03:00:00,"1,407.60-390.76",866.76,"1,010.94",194.62%,"45.58                                                                    (FY:078-079, Q:4)",30.06,208.20,6.58,,1.,,1.,
ADBLB86,,,,,,,,,,,,,,,0,,0,
ADBLB87,,,,,,,,,,,,,,,0,,0,
ADBL,Commercial Banks,"131,879,157.63",313.50,-0.79 %,2022/10/17 03:00:00,560.00-298.00,331.92,321.32,-38.28%,"17.93                                                                    (FY:078-079, Q:4)",17.48,214.72,1.46,,1.,,1.,
AIL,Non-Life Insurance,"10,000,000.00",448.00,-1.54 %,2022/07/15 03:00:00,806.00-422.10,516.48,451.81,-36.46%,"11.90                                                                    (FY:078-079, Q:4)",37.65,115.07,3.89,,0,,0,
AKJCL,Hydro Power,"8,000,000.00",170.00,-0.23 %,2022/10/17 03:00:00,394.00-162.00,209.27,201.50,-44.10%,"3.10                                                                    (FY:078-079, Q:4)",54.84,70.18,2.42,,0,,0,
API,Hydro Power,"38,449,155.46",207.50,-1.19 %,2022/10/17 03:00:00,575.00-203.40,259.40,247.14,-51.52%,"3.67                                                                    (FY:078-079, Q:4)",56.54,107.72,1.93,0.55                                                                    (FY:077-078),1.,10.50                                                                    (FY:077-078),1.,1:0.393632926                                                                    (FY:078-079)
AMFI,Microfinance,"644,280.00",529.00,0 %,2019/10/22 03:00:00,529.00-529.00,529.00,0.00,0.00%,"21.53                                                                    (FY:076-077, Q:3)",24.57,128.67,4.11,,0,7.38                                                                    (FY:075-076),1.,10:7                                                                    (FY:074-075)
AKPL,Hydro Power,"18,552,105.00",378.20,-0.99 %,2022/10/17 03:00:00,669.90-369.20,439.96,440.44,-21.21%,"13.45                                                                    (FY:078-079, Q:4)",28.12,113.91,3.32,0.89                                                                    (FY:077-078),1.,10.00                                                                    (FY:078-079),1.,
AHPC,Hydro Power,"17,295,950.00",269.50,-0.92 %,2022/10/17 03:00:00,628.30-268.00,360.35,341.72,-33.13%,"5.20                                                                    (FY:078-079, Q:4)",51.83,108.69,2.48,0.53                                                                    (FY:077-078),1.,10.00                                                                    (FY:077-078),1.,
AVU,Manufacturing And Processing,,58.00,0 %,2006/02/09 03:00:00,0.00-0.00,0.00,0.00,0.00%,"0.00                                                                    (FY:, Q:0)",0.00,0.00,58.00,,0,,0,
ALBSL,Microfinance,"3,339,140.00",912.00,0.1 %,2022/10/17 03:00:00,"1,901.00-901.00","1,206.66","1,167.63",-45.75%,"37.01                                                                    (FY:078-079, Q:4)",24.64,165.67,5.50,1.32                                                                    (FY:077-078),1.,25.00                                                                    (FY:077-078),1.,
ALICL,Life Insurance,"29,081,110.75",438.90,-0.59 %,2022/10/17 03:00:00,"1,398.00-430.00",588.68,559.99,-62.65%,"0.00                                                                    (FY:078-079, Q:4)",0.00,120.07,3.66,,1.,,1.,1:0.6                                                                    (FY:075-076)
AVYAN,Microfinance,"1,525,000.00",808.00,9.99 %,2022/10/17 03:00:00,808.00-316.00,534.71,534.71,0.00%,"7.26                                                                    (FY:078-079, Q:4)",111.29,112.56,7.18,,0,,0,
BHL,Hydro Power,"18,279,700.00",242.00,-5.1 %,2022/10/17 03:00:00,397.00-104.70,269.11,282.14,0.00%,"-0.01                                                                    (FY:078-079, Q:4)","-24,200.00",94.86,2.55,,0,,0,
BOKL,Commercial Banks,"106,239,940.72",227.10,-1.26 %,2022/06/15 03:00:00,367.00-215.00,235.11,0.00,-33.01%,"17.04                                                                    (FY:078-079, Q:4)",13.33,167.75,1.35,14.95                                                                    (FY:078-079),1.,6.00                                                                    (FY:078-079),1.,
BARUN,Hydro Power,"2,679,075.00",212.00,-0.47 %,2022/10/17 03:00:00,595.00-208.00,351.16,310.42,-48.79%,"1.19                                                                    (FY:078-079, Q:4)",178.15,103.07,2.06,0.26                                                                    (FY:076-077),1.,5.00                                                                    (FY:076-077),1.,1:1                                                                    (FY:079-080)
BFC,Finance,"8,289,137.89",326.00,1.24 %,2022/10/17 03:00:00,615.00-298.00,378.10,372.01,-24.01%,"20.17                                                                    (FY:078-079, Q:4)",16.16,145.25,2.24,,0,20.00                                                                    (FY:067-068),1.,1:0.25                                                                    (FY:074-075)
BHBL,Development Bank Limited,"5,016,000.00",199.00,8.15 %,2019/05/14 03:00:00,199.00-199.00,199.00,0.00,0.00%,"13.34                                                                    (FY:075-076, Q:4)",14.92,120.52,1.65,,1.,5.56                                                                    (FY:073-074),1.,
BHDC,Hydro Power,"10,000,000.00",335.00,-4.23 %,2022/10/17 03:00:00,520.00-330.00,423.16,423.16,0.00%,"12.62                                                                    (FY:078-079, Q:4)",26.55,113.62,2.95,10.00                                                                    (FY:077-078),1.,,0,
BSL,Manufacturing And Processing,,28.00,-6.67 %,2007/05/29 03:00:00,0.00-0.00,0.00,0.00,0.00%,"0.00                                                                    (FY:, Q:0)",0.00,0.00,28.00,,0,,0,
BBC,Tradings,"500,000.00","3,170.00",-1 %,2022/10/17 03:00:00,"5,875.00-3,137.00","3,601.58","3,534.62",-39.62%,"250.25                                                                    (FY:077-078, Q:2)",12.67,"1,685.32",1.88,,0,,0,
BNL,Manufacturing And Processing,"1,948,890.00","2,222.20",2 %,2022/09/25 03:00:00,"2,222.20-1,941.90","2,119.70","2,178.97",16.72%,"449.50                                                                    (FY:078-079, Q:4)",4.94,"2,688.21",0.83,20.00                                                                    (FY:078-079),1.,,0,
BNT,Manufacturing And Processing,"1,210,000.00","12,299.00",1.64 %,2022/10/17 03:00:00,"17,670.00-9,845.00","13,257.41","13,001.54",22.54%,"564.55                                                                    (FY:078-079, Q:4)",21.79,"2,788.71",4.41,60.00                                                                    (FY:078-079),1.,,0,
BNHC,Hydro Power,,362.00,-0.82 %,2022/10/17 03:00:00,744.00-246.70,404.84,390.58,0.00%,"0.00                                                                    (FY:, Q:0)",0.00,0.00,362.00,,0,,0,
BPCL,Hydro Power,"32,463,270.00",294.00,-0.34 %,2022/10/17 03:00:00,560.00-288.00,329.93,318.53,-41.20%,"8.13                                                                    (FY:078-079, Q:4)",36.16,215.50,1.36,,1.,,1.,
BSM,Manufacturing And Processing,,18.00,-97.6 %,2002/07/16 03:00:00,0.00-0.00,0.00,0.00,0.00%,"0.00                                                                    (FY:, Q:0)",0.00,0.00,18.00,,0,,0,
CMB,Finance,,140.00,0 %,2019/05/21 03:00:00,140.00-140.00,140.00,0.00,0.00%,"0.00                                                                    (FY:, Q:0)",0.00,0.00,140.00,,0,,0,
CHDC,Investment,"8,394,100.00",606.00,-0.66 %,2022/10/17 03:00:00,"1,130.00-605.00",723.54,716.47,-26.10%,"13.49                                                                    (FY:078-079, Q:4)",44.92,145.26,4.17,,0,,0,100:30                                                                    (FY:072-073)
CFCL,Finance,"9,488,754.60",305.00,-0.97 %,2022/10/17 03:00:00,637.00-237.00,317.96,321.60,-38.88%,"6.79                                                                    (FY:078-079, Q:4)",44.92,128.37,2.38,,1.,,1.,2:1                                                                    (FY:074-075)
CCBL,Commercial Banks,"95,539,090.00",193.00,3.21 %,2022/07/31 03:00:00,280.00-178.00,197.90,187.92,-19.25%,"14.21                                                                    (FY:078-079, Q:4)",13.58,127.64,1.51,,1.,,1.,
CCBD88,Corporate Debenture,"2,200,000.00",922.60,-2 %,2022/10/10 03:00:00,"1,000.00-922.60",954.67,954.67,0.00%,"0.00                                                                    (FY:, Q:0)",0.00,0.00,922.60,,0,,0,
CGH,Hotels And Tourism,"15,340,910.00",953.00,-0.52 %,2022/10/17 03:00:00,"1,737.00-900.20","1,076.28","1,032.32",-29.41%,"1.67                                                                    (FY:078-079, Q:4)",570.66,74.29,12.83,,0,,0,
CBBL,Microfinance,"23,241,000.00",985.00,0.31 %,2022/10/17 03:00:00,"1,850.00-882.00","1,028.74","1,028.10",-44.35%,"44.42                                                                    (FY:078-079, Q:4)",22.17,254.20,3.87,3.00                                                                    (FY:077-078),1.,27.00                                                                    (FY:077-078),1.,
CHL,Hydro Power,"3,869,775.00",203.00,-1.46 %,2022/10/17 03:00:00,550.80-197.20,269.70,249.92,-56.34%,"-8.77                                                                    (FY:078-079, Q:4)",-23.15,98.32,2.06,0.26                                                                    (FY:076-077),1.,5.00                                                                    (FY:076-077),1.,10:3                                                                    (FY:078-079)
CHCL,Hydro Power,"67,517,946.80",363.00,-0.55 %,2022/10/17 03:00:00,630.00-347.90,402.63,391.83,-39.80%,"11.37                                                                    (FY:078-079, Q:4)",31.93,153.94,2.36,,1.,,1.,
CIT,Investment,"42,510,000.00","1,812.00",-1.04 %,2022/10/17 03:00:00,"3,646.00-1,780.00","2,396.41","2,290.38",-46.26%,"20.88                                                                    (FY:078-079, Q:4)",86.78,206.65,8.77,,1.,,1.,100:82.84                                                                    (FY:077-078)
CZBIL,Commercial Banks,"142,009,740.10",187.50,-1.57 %,2022/10/17 03:00:00,323.30-180.00,212.28,201.27,-41.04%,"15.85                                                                    (FY:078-079, Q:4)",11.83,145.39,1.29,,1.,12.91                                                                    (FY:077-078),1.,10:2.5                                                                    (FY:072-073)
CMF1,Mutual Fund,"82,000,000.00",7.75,0 %,2022/10/17 03:00:00,10.49-7.40,8.44,8.24,-22.50%,"0.00                                                                    (FY:, Q:0)",0.00,0.00,7.75,15.00                                                                    (FY:076-077),1.,,0,
CMF2,Mutual Fund,"56,000,000.00",7.95,1.92 %,2022/10/17 03:00:00,10.89-7.80,8.96,8.70,-20.50%,"0.00                                                                    (FY:076-077, Q:10)",0.00,0.00,0.00,10.00                                                                    (FY:076-077),1.,,0,
CEFL,Finance,"4,000,000.00",101.00,-1.94 %,2020/01/08 03:00:00,101.00-101.00,101.00,0.00,0.00%,"-1.90                                                                    (FY:077-078, Q:2)",-53.16,65.75,1.54,,0,,0,1:1.67                                                                    (FY:073-074)
CBLD88,Corporate Debenture,"3,000,000.00",866.40,-1.99 %,2022/10/13 03:00:00,"1,000.00-843.20",879.42,879.42,0.00%,"0.00                                                                    (FY:, Q:0)",0.00,0.00,866.40,,0,,0,
CBL,Commercial Banks,"90,758,440.00",213.00,8.23 %,2022/07/13 03:00:00,285.40-194.00,209.03,203.40,-12.35%,"15.26                                                                    (FY:078-079, Q:4)",13.96,132.43,1.61,,1.,,1.,10:4                                                                    (FY:072-073)
CLBSL,Microfinance,"2,881,240.00",754.60,-1.23 %,2022/10/17 03:00:00,"1,433.10-662.50",827.60,834.90,-43.73%,"25.56                                                                    (FY:078-079, Q:4)",29.52,145.42,5.19,1.00                                                                    (FY:077-078),1.,19.00                                                                    (FY:077-078),1.,1:1                                                                    (FY:077-078)
CORBL,Development Bank Limited,"5,000,000.00",259.00,-1.89 %,2022/10/17 03:00:00,999.00-211.30,328.65,296.56,-67.22%,"2.10                                                                    (FY:078-079, Q:4)",123.33,142.72,1.81,,0,,0,(FY:1:1.5)
CFL,Finance,,117.00,-1.68 %,2011/07/07 03:00:00,0.00-0.00,0.00,0.00,0.00%,"0.00                                                                    (FY:, Q:0)",0.00,0.00,117.00,,0,,0,1:1                                                                    (FY:069-070)
CYCL,Microfinance,"1,216,418.40","1,698.20",9.99 %,2022/07/06 03:00:00,"1,698.20-382.20",843.99,924.74,0.00%,"66.04                                                                    (FY:078-079, Q:4)",25.71,330.86,5.13,,0,,0,
DDBL,Microfinance,"11,562,486.10",902.00,-0.32 %,2022/10/17 03:00:00,"1,407.00-861.00",987.83,970.49,-29.91%,"49.65                                                                    (FY:078-079, Q:4)",18.17,267.19,3.38,1.05                                                                    (FY:077-078),1.,20.00                                                                    (FY:077-078),1.,1:1                                                                    (FY:073-074)
DHPL,Hydro Power,"2,640,000.00",168.10,-0.53 %,2022/10/17 03:00:00,381.40-165.70,213.20,203.31,-42.82%,"-6.58                                                                    (FY:078-079, Q:4)",-25.55,15.61,10.77,,0,,0,
DORDI,Hydro Power,"10,542,604.00",244.00,-0.41 %,2022/10/17 03:00:00,408.00-234.10,309.99,309.99,0.00%,"0.03                                                                    (FY:078-079, Q:4)","8,133.33",101.75,2.40,,0,,0,
ENL,Investment,"5,556,000.80",556.00,-1.59 %,2022/10/17 03:00:00,"1,481.90-287.10",699.15,674.69,0.00%,"2.08                                                                    (FY:078-079, Q:4)",267.31,106.68,5.21,5.27                                                                    (FY:075-076),1.,,1.,
EBL,Commercial Banks,"94,673,400.00",504.00,-1.18 %,2022/10/17 03:00:00,745.00-411.00,479.67,477.37,-29.41%,"26.89                                                                    (FY:078-079, Q:4)",18.74,239.71,2.10,4.32                                                                    (FY:077-078),1.,6.00                                                                    (FY:077-078),1.,
EBLCP,Preferred Stock,,475.00,-1.08 %,2022/08/25 03:00:00,655.00-475.00,537.74,505.79,-28.89%,"0.00                                                                    (FY:, Q:0)",0.00,0.00,475.00,,0,,0,
EIC,Non-Life Insurance,"12,546,210.00",500.00,-4.03 %,2022/05/05 03:00:00,779.00-494.00,540.89,0.00,-23.66%,"5.62                                                                    (FY:078-079, Q:4)",88.97,117.39,4.26,,1.,,1.,1:3                                                                    (FY:075-076)
EDBL,Development Bank Limited,"12,496,944.70",310.00,0.03 %,2022/10/17 03:00:00,677.10-291.20,355.38,342.56,-44.05%,"9.12                                                                    (FY:078-079, Q:4)",33.99,140.84,2.20,,1.,,1.,10:3                                                                    (FY:078-079)
FMDBL,Microfinance,"9,644,924.00",604.00,-0.2 %,2022/10/17 03:00:00,"1,059.00-559.00",674.19,674.19,-33.26%,"27.88                                                                    (FY:078-079, Q:4)",21.66,145.69,4.15,,1.,10.00                                                                    (FY:077-078),1.,
FHL,Manufacturing And Processing,,0.00,0 %,1900/01/01 12:00:00,0.00-0.00,0.00,0.00,0.00%,"0.00                                                                    (FY:, Q:0)",0.00,0.00,0.00,,0,,0,
FOWAD,Microfinance,"8,444,509.90","2,568.00",0.12 %,2022/10/17 03:00:00,"3,040.00-2,000.00","2,474.02","2,544.18",-9.96%,"100.11                                                                    (FY:078-079, Q:4)",25.65,318.83,8.05,,1.,,1.,
GMFBS,Microfinance,"1,515,545.30",822.00,-1.32 %,2022/10/17 03:00:00,"1,683.00-818.00",977.41,950.47,-45.74%,"12.28                                                                    (FY:078-079, Q:4)",66.94,131.56,6.25,1.00                                                                    (FY:077-078),1.,19.00                                                                    (FY:077-078),1.,
GDBL,Development Bank Limited,"27,500,000.00",201.00,-0.99 %,2019/09/25 03:00:00,201.00-201.00,202.00,0.00,0.00%,"17.92                                                                    (FY:076-077, Q:3)",11.22,142.07,1.41,17.32                                                                    (FY:075-076),1.,19.31                                                                    (FY:073-074),1.,
GBBL,Development Bank Limited,"45,798,924.02",383.00,-1.29 %,2022/10/17 03:00:00,662.00-318.00,386.63,382.12,-33.39%,"23.07                                                                    (FY:078-079, Q:4)",16.60,144.57,2.65,0.71                                                                    (FY:076-077),1.,,1.,
GBBD85,Corporate Debenture,"1,000,000.00",762.00,1.59 %,2022/10/16 03:00:00,"1,000.00-722.50",806.14,806.14,0.00%,"0.00                                                                    (FY:, Q:0)",0.00,0.00,762.00,,0,,0,
GIC,Non-Life Insurance,"10,000,000.00",370.00,0.84 %,2022/07/13 03:00:00,710.00-340.00,443.72,386.12,-34.51%,"11.21                                                                    (FY:078-079, Q:4)",33.01,121.79,3.04,,0,,0,
GHL,Hydro Power,"5,500,000.00",172.10,-1.66 %,2022/10/17 03:00:00,420.00-169.00,214.15,207.86,-50.12%,"-6.55                                                                    (FY:078-079, Q:4)",-26.27,92.00,1.87,,0,,0,
GGBSL,Microfinance,"276,250.00",830.00,-1.43 %,2020/11/05 03:00:00,842.00-815.00,830.00,0.00,0.00%,"-10.87                                                                    (FY:078-079, Q:1)",-76.36,68.77,12.07,,0,,0,
GBIME,Commercial Banks,"237,957,530.00",251.40,-2.78 %,2022/06/15 03:00:00,403.00-250.30,288.64,0.00,-37.07%,"21.88                                                                    (FY:078-079, Q:4)",11.49,156.11,1.61,3.50                                                                    (FY:077-078),1.,10.00                                                                    (FY:077-078),1.,
GBILD86/87,Corporate Debenture,"3,000,000.00",740.10,-1.97 %,2022/10/17 03:00:00,"1,000.00-740.10",784.43,780.81,0.00%,"0.00                                                                    (FY:, Q:0)",0.00,0.00,740.10,,0,,0,
GILB,Microfinance,"5,525,893.30","1,165.00",-0.43 %,2022/10/17 03:00:00,"2,400.00-1,118.20","1,286.37","1,279.11",-48.57%,"45.34                                                                    (FY:078-079, Q:4)",25.69,183.42,6.35,1.45                                                                    (FY:076-077),1.,28.00                                                                    (FY:077-078),1.,1:1                                                                    (FY:076-077)
GIMES1,Mutual Fund,"100,000,000.00",8.28,1.22 %,2022/10/17 03:00:00,21.94-8.08,9.86,9.41,-60.42%,"0.00                                                                    (FY:078-079, Q:9)",0.00,0.00,0.00,100.00                                                                    (FY:077-078),1.,,0,
GFCL,Finance,"9,461,152.00",445.00,-0.67 %,2022/10/17 03:00:00,875.00-358.00,473.29,484.71,-34.46%,"19.93                                                                    (FY:078-079, Q:4)",22.33,206.26,2.16,,1.,,1.,10:6                                                                    (FY:073-074)
GRU,Manufacturing And Processing,,38.00,0 %,2010/08/19 03:00:00,0.00-0.00,0.00,0.00,0.00%,"0.00                                                                    (FY:, Q:0)",0.00,0.00,38.00,,0,,0,
GBLBS,Microfinance,"9,825,000.00",602.00,0.33 %,2022/10/17 03:00:00,"1,142.00-585.00",744.45,721.81,-40.10%,"20.17                                                                    (FY:078-079, Q:4)",29.85,216.30,2.78,,0,,0,1:0.5                                                                    (FY:075-076)
GRDBL,Development Bank Limited,"5,190,000.00",230.10,-3.16 %,2022/10/17 03:00:00,452.60-182.00,250.70,247.66,-38.80%,"4.66                                                                    (FY:078-079, Q:4)",49.38,111.54,2.06,0.20                                                                    (FY:076-077),1.,3.80                                                                    (FY:076-077),1.,
GVL,Hydro Power,"31,250,000.00",300.80,2.38 %,2022/10/17 03:00:00,436.40-255.10,325.90,332.90,0.00%,"2.97                                                                    (FY:078-079, Q:4)",101.28,96.43,3.12,,0,,0,
GLH,Hydro Power,"18,000,000.00",235.00,-1.26 %,2022/10/17 03:00:00,582.00-230.70,324.72,300.41,-43.24%,"0.00                                                                    (FY:078-079, Q:4)",0.00,100.00,2.35,,0,,0,
GMFIL,Finance,"9,504,000.00",329.90,-0.33 %,2022/10/17 03:00:00,609.90-223.90,323.99,331.77,-31.98%,"10.31                                                                    (FY:078-079, Q:4)",32.00,134.49,2.45,,1.,,1.,10:4                                                                    (FY:074-075)
GLBSL,Microfinance,"975,000.00",860.00,-0.7 %,2022/10/17 03:00:00,"1,622.00-842.00","1,025.79",993.76,-44.49%,"13.07                                                                    (FY:078-079, Q:4)",65.80,133.77,6.43,0.89                                                                    (FY:077-078),1.,16.91                                                                    (FY:077-078),1.,
GLICL,Life Insurance,"22,393,703.06",485.00,-5.83 %,2022/05/12 03:00:00,728.00-460.00,525.74,0.00,-17.38%,"0.00                                                                    (FY:078-079, Q:4)",0.00,126.23,3.84,,1.,,1.,1:1                                                                    (FY:076-077)
GUFL,Finance,"8,679,938.00",493.00,-1.4 %,2022/10/17 03:00:00,"1,035.00-357.00",492.67,525.29,-42.67%,"10.61                                                                    (FY:078-079, Q:4)",46.47,182.23,2.71,,0,7.00                                                                    (FY:071-072),1.,2:1                                                                    (FY:073-074)
HAMRO,Development Bank Limited,"5,040,533.70",135.00,-1.48 %,2018/07/15 03:00:00,135.00-135.00,135.00,0.00,0.00%,"9.60                                                                    (FY:075-076, Q:2)",14.06,113.02,1.19,,1.,,1.,1:2                                                                    (FY:072-073)
HBT,Manufacturing And Processing,,4.00,0 %,2008/05/15 03:00:00,0.00-0.00,0.00,0.00,0.00%,"0.00                                                                    (FY:, Q:0)",0.00,0.00,4.00,,0,,0,
HATH,Finance,"3,000,000.00",116.00,-0.85 %,2019/03/14 03:00:00,116.00-116.00,116.00,0.00,0.00%,"8.28                                                                    (FY:075-076, Q:4)",14.01,74.52,1.56,,0,,0,1:1.80                                                                    (FY:074-075)
HDHPC,Hydro Power,"16,000,000.00",170.00,-0.53 %,2022/10/17 03:00:00,418.00-162.40,210.80,203.70,-44.08%,"-5.40                                                                    (FY:078-079, Q:4)",-31.48,69.33,2.45,,0,,0,
HURJA,Hydro Power,"9,900,000.00",203.00,-1.93 %,2022/10/17 03:00:00,554.80-194.00,254.13,239.94,-51.08%,"-1.87                                                                    (FY:078-079, Q:4)",-108.56,97.26,2.09,,0,,0,
HBL,Commercial Banks,"129,687,257.25",326.80,1.18 %,2022/10/17 03:00:00,390.80-290.00,316.95,317.24,-32.48%,"19.14                                                                    (FY:078-079, Q:4)",17.07,170.50,1.92,4.62                                                                    (FY:077-078),1.,21.38                                                                    (FY:077-078),1.,7:1                                                                    (FY:071-072)
HDL,Manufacturing And Processing,"15,184,791.56","3,410.00",-0.58 %,2022/10/17 03:00:00,"7,307.00-2,825.00","3,430.28","3,452.94",-50.57%,"69.50                                                                    (FY:078-079, Q:4)",49.06,187.22,18.21,25.00                                                                    (FY:077-078),1.,75.00                                                                    (FY:077-078),1.,
HEI,Non-Life Insurance,,360.00,-1.1 %,2022/10/17 03:00:00,509.60-353.00,395.60,395.60,0.00%,"0.00                                                                    (FY:, Q:0)",0.00,0.00,360.00,,0,,0,
HFL,Finance,,18.00,0 %,2013/09/29 03:00:00,0.00-0.00,0.00,0.00,0.00%,"0.00                                                                    (FY:, Q:0)",0.00,0.00,18.00,,0,,0,
HHL,Hydro Power,,220.00,0.92 %,2022/10/17 03:00:00,362.10-213.30,276.31,276.31,0.00%,"0.00                                                                    (FY:, Q:0)",0.00,0.00,220.00,,0,,0,
HPPL,Hydro Power,"10,654,170.00",301.00,0 %,2022/10/17 03:00:00,570.00-259.00,352.77,339.69,-29.80%,"0.00                                                                    (FY:078-079, Q:4)",0.00,100.00,3.01,,0,,0,
HIDCL,Investment,"207,150,520.00",167.90,-0.59 %,2022/10/17 03:00:00,413.00-165.10,209.23,198.13,-45.13%,"4.71                                                                    (FY:078-079, Q:4)",35.65,108.08,1.55,,1.,,1.,
ICFC,Finance,"11,271,152.00",438.00,-0.9 %,2022/10/17 03:00:00,"1,063.00-363.00",468.55,473.65,-34.65%,"17.80                                                                    (FY:078-079, Q:4)",24.61,154.64,2.83,4.00                                                                    (FY:077-078),1.,10.00                                                                    (FY:077-078),1.,2:1                                                                    (FY:072-073)
IGI,Non-Life Insurance,"17,340,638.30",347.00,0.32 %,2022/10/17 03:00:00,"1,266.10-333.20",416.71,391.79,-66.31%,"9.88                                                                    (FY:078-079, Q:4)",35.12,116.06,2.99,,1.,,1.,10:4                                                                    (FY:078-079)
ILBS,Microfinance,"4,145,130.00",929.00,3.8 %,2022/10/17 03:00:00,"1,876.50-849.00",982.30,973.21,-46.61%,"36.24                                                                    (FY:078-079, Q:4)",25.63,159.21,5.84,1.46                                                                    (FY:077-078),1.,27.70                                                                    (FY:077-078),1.,
JALPA,Microfinance,"1,600,000.00","2,937.20",-0.9 %,2022/10/17 03:00:00,"3,299.50-318.60","2,494.45","2,759.73",0.00%,"61.66                                                                    (FY:078-079, Q:4)",47.64,395.42,7.43,,0,,0,
JFL,Finance,"6,904,728.00",355.80,-1.98 %,2022/10/17 03:00:00,803.90-305.00,391.02,391.17,-40.10%,"6.24                                                                    (FY:078-079, Q:4)",57.02,136.64,2.60,,1.,,1.,
JBNL,Commercial Banks,"80,007,859.20",214.00,0 %,2019/08/26 03:00:00,214.00-214.00,214.00,0.00,0.00%,"18.34                                                                    (FY:076-077, Q:1)",11.67,137.50,1.56,5.42                                                                    (FY:069-070),1.,3.00                                                                    (FY:069-070),1.,2:1                                                                    (FY:071-072)
JSLBB,Microfinance,"1,479,060.00","1,646.00",1.92 %,2022/10/17 03:00:00,"3,560.00-1,550.00","1,835.37","1,769.34",-51.87%,"33.52                                                                    (FY:078-079, Q:4)",49.11,179.44,9.17,,1.,,1.,1:1                                                                    (FY:075-076)
JBLB,Microfinance,"10,342,800.00","2,502.00",-0.08 %,2022/10/17 03:00:00,"5,368.00-2,430.00","2,766.08","2,702.73",-45.79%,"75.60                                                                    (FY:078-079, Q:4)",33.10,249.09,10.04,,1.,,1.,
JOSHI,Hydro Power,"3,714,000.00",179.90,-2.02 %,2022/10/17 03:00:00,416.10-164.80,213.74,208.09,-41.00%,"-0.96                                                                    (FY:077-078, Q:4)",-187.40,84.57,2.13,,0,,0,
JBBL,Development Bank Limited,"42,677,532.87",271.00,-0.73 %,2022/10/17 03:00:00,610.00-248.00,308.34,295.93,-44.81%,"16.44                                                                    (FY:078-079, Q:4)",16.48,132.73,2.04,4.50                                                                    (FY:077-078),1.,11.00                                                                    (FY:077-078),1.,1:1                                                                    (FY:072-073)
JBBD87,Corporate Debenture,"1,500,000.00",0.00,0 %,,0.00-0.00,0.00,0.00,0.00%,"0.00                                                                    (FY:, Q:0)",0.00,0.00,0.00,,0,,0,
JLI,Life Insurance,"24,200,000.00",351.90,-1.98 %,2022/06/27 03:00:00,744.00-330.10,445.10,354.20,-37.38%,"0.00                                                                    (FY:078-079, Q:4)",0.00,132.03,2.67,,1.,,1.,
JSM,Manufacturing And Processing,,27.00,0 %,2007/10/07 03:00:00,0.00-0.00,0.00,0.00,0.00%,"0.00                                                                    (FY:, Q:0)",0.00,0.00,27.00,,0,,0,
KMCDB,Microfinance,"3,128,750.00",940.00,-0.63 %,2022/10/17 03:00:00,"1,536.00-918.10","1,092.55","1,056.39",-22.36%,"41.07                                                                    (FY:078-079, Q:4)",22.89,172.68,5.44,0.63                                                                    (FY:075-076),1.,13.00                                                                    (FY:077-078),1.,
KPCL,Hydro Power,"6,900,000.00",303.30,0.46 %,2022/10/17 03:00:00,749.00-293.00,384.97,371.94,-43.73%,"11.72                                                                    (FY:078-079, Q:4)",25.88,118.77,2.55,0.79                                                                    (FY:077-078),1.,15.00                                                                    (FY:077-078),1.,
KSBBL,Development Bank Limited,"31,425,770.22",312.90,-0.03 %,2022/10/17 03:00:00,770.00-296.10,360.33,344.86,-54.18%,"20.08                                                                    (FY:078-079, Q:4)",15.58,140.03,2.23,0.97                                                                    (FY:077-078),1.,18.50                                                                    (FY:077-078),1.,
KNBL,Development Bank Limited,"5,150,000.00",196.00,5.38 %,2019/06/04 03:00:00,196.00-138.00,196.00,0.00,0.00%,"11.42                                                                    (FY:075-076, Q:4)",17.16,120.15,1.63,6.50                                                                    (FY:074-075),1.,3.00                                                                    (FY:074-075),1.,1:2.14                                                                    (FY:072-073)
KRBL,Development Bank Limited,"5,028,300.00",220.00,-2.44 %,2022/10/17 03:00:00,514.00-198.90,255.13,239.21,-48.84%,"-7.54                                                                    (FY:078-079, Q:4)",-29.18,104.28,2.11,5.00                                                                    (FY:072-073),1.,8.00                                                                    (FY:072-073),1.,1:2.25                                                                    (FY:073-074)
KKHC,Hydro Power,"4,657,143.00",171.00,-2.29 %,2022/10/17 03:00:00,393.00-168.00,216.16,208.58,-45.71%,"1.37                                                                    (FY:078-079, Q:4)",124.82,88.97,1.92,,0,,0,
KLBSL,Microfinance,"4,713,705.30",810.00,0.25 %,2022/10/17 03:00:00,"1,775.00-750.00",973.79,890.34,-45.08%,"26.29                                                                    (FY:078-079, Q:4)",30.81,158.86,5.10,,1.,,1.,
KBL,Commercial Banks,"147,111,833.26",186.00,0.16 %,2022/09/25 03:00:00,296.50-180.00,204.10,199.18,-35.42%,"19.27                                                                    (FY:078-079, Q:4)",9.65,144.01,1.29,,1.,6.00                                                                    (FY:077-078),1.,
KDBY,Mutual Fund,"122,507,259.00",8.36,3.85 %,2022/10/17 03:00:00,10.00-7.46,8.49,8.49,0.00%,"0.00                                                                    (FY:, Q:0)",0.00,0.00,8.36,,0,,0,
KEF,Mutual Fund,"100,000,000.00",8.10,1.89 %,2022/10/17 03:00:00,10.07-7.73,8.71,8.58,-15.80%,"0.00                                                                    (FY:, Q:0)",0.00,0.00,8.10,5.00                                                                    (FY:077-078),1.,,0,
LFC,Finance,"2,368,747.10",126.00,-1.56 %,2019/06/06 03:00:00,128.00-126.00,126.00,0.00,0.00%,"60.13                                                                    (FY:077-078, Q:3)",2.10,105.39,1.20,10.00                                                                    (FY:066-067),1.,,0,1:1                                                                    (FY:071-072)
LBL,Commercial Banks,"115,513,450.00",198.00,2.06 %,2022/10/17 03:00:00,355.00-185.50,207.42,198.91,-40.00%,"13.88                                                                    (FY:078-079, Q:4)",14.27,147.69,1.34,3.50                                                                    (FY:077-078),1.,8.00                                                                    (FY:077-078),1.,
LEMF,Mutual Fund,"125,000,000.00",7.90,-1.86 %,2022/10/17 03:00:00,11.17-7.55,9.31,8.94,-21.55%,"0.00                                                                    (FY:078-079, Q:9)",0.00,0.00,0.00,,1.,,0,
LLBS,Microfinance,"3,840,540.00","1,155.00",0.86 %,2022/10/17 03:00:00,"2,035.00-1,080.00","1,250.77","1,249.37",-37.57%,"41.85                                                                    (FY:078-079, Q:4)",27.60,220.56,5.24,7.37                                                                    (FY:077-078),1.,20.00                                                                    (FY:077-078),1.,
LUK,Mutual Fund,"65,262,360.00",7.94,-1.98 %,2022/10/17 03:00:00,10.80-7.58,9.19,8.90,-17.98%,"0.00                                                                    (FY:078-079, Q:11)",0.00,0.00,0.00,5.00                                                                    (FY:078-079),1.,,0,
LEC,Hydro Power,"15,000,000.00",216.90,-1.41 %,2022/10/17 03:00:00,443.00-203.00,262.08,250.50,-35.25%,"-1.90                                                                    (FY:078-079, Q:4)",-114.16,88.04,2.46,,0,,0,
LICN,Life Insurance,"26,532,000.00","1,200.00",-2.04 %,2022/10/17 03:00:00,"2,493.00-1,065.00","1,417.51","1,378.85",-40.21%,"0.00                                                                    (FY:078-079, Q:4)",0.00,123.20,9.74,,1.,,1.,
LBBL,Development Bank Limited,"32,842,925.11",360.00,-0.83 %,2022/10/17 03:00:00,697.00-290.10,376.20,368.62,-30.37%,"20.57                                                                    (FY:078-079, Q:4)",17.50,177.19,2.03,0.68                                                                    (FY:077-078),1.,13.00                                                                    (FY:077-078),1.,10:1                                                                    (FY:073-074)
LGIL,Non-Life Insurance,"13,127,800.00",382.00,1.06 %,2022/07/13 03:00:00,826.00-365.60,488.28,400.10,-43.98%,"14.28                                                                    (FY:078-079, Q:4)",26.75,111.65,3.42,,1.,,1.,10:2                                                                    (FY:076-077)
MBL,Commercial Banks,"102,571,555.80",223.00,2.53 %,2022/10/17 03:00:00,386.00-210.00,242.71,232.39,-42.23%,"21.07                                                                    (FY:078-079, Q:4)",10.58,145.67,1.53,0.70                                                                    (FY:077-078),1.,13.30                                                                    (FY:077-078),1.,10:1.2                                                                    (FY:072-073)
MBJC,Hydro Power,"60,000,000.00",204.20,0.59 %,2022/10/17 03:00:00,505.00-100.00,246.09,231.99,0.00%,"-0.26                                                                    (FY:078-079, Q:4)",-785.38,94.95,2.15,,0,,0,
MLBL,Development Bank Limited,"40,108,832.69",354.00,-1.67 %,2022/10/17 03:00:00,883.00-305.20,379.13,374.39,-39.28%,"23.73                                                                    (FY:078-079, Q:4)",14.92,160.09,2.21,,1.,,1.,
MLBSL,Microfinance,"1,475,000.00","3,797.50",-0.2 %,2022/10/17 03:00:00,"5,490.00-3,029.00","3,608.59","3,670.79",-26.99%,"101.76                                                                    (FY:078-079, Q:4)",37.32,302.26,12.56,2.50                                                                    (FY:077-078),1.,47.50                                                                    (FY:077-078),1.,
MSMBS,Microfinance,"1,464,100.00","1,259.00",9.96 %,2021/01/21 03:00:00,"1,259.00-1,167.00","1,259.00",0.00,0.00%,"40.02                                                                    (FY:077-078, Q:3)",31.46,151.96,8.29,0.53                                                                    (FY:076-077),1.,10.00                                                                    (FY:076-077),1.,
MSLB,Microfinance,"2,821,694.40","1,061.00",-0.38 %,2022/10/17 03:00:00,"2,265.00-960.00","1,155.33","1,137.68",-45.59%,"38.48                                                                    (FY:078-079, Q:4)",27.57,203.56,5.21,1.05                                                                    (FY:076-077),1.,,1.,2:1                                                                    (FY:075-076)
MKJC,Hydro Power,"3,681,430.00",410.00,0.49 %,2022/10/17 03:00:00,733.90-372.60,477.91,467.93,-7.66%,"4.51                                                                    (FY:078-079, Q:4)",90.91,105.55,3.88,,0,,0,
MKLB,Microfinance,"1,417,455.00",870.00,-2.25 %,2022/10/17 03:00:00,"2,029.00-793.90",963.81,956.27,-53.00%,"13.53                                                                    (FY:078-079, Q:4)",64.30,125.71,6.92,,0,17.00                                                                    (FY:077-078),1.,
MHL,Hydro Power,"5,880,369.00",356.00,1.77 %,2022/10/17 03:00:00,436.00-237.30,371.73,371.73,0.00%,"4.94                                                                    (FY:078-079, Q:4)",72.06,106.38,3.35,,0,,0,
MFIL,Finance,"13,515,530.00",384.90,-0.03 %,2022/10/17 03:00:00,"1,225.00-362.00",437.26,427.28,-63.34%,"8.02                                                                    (FY:078-079, Q:4)",47.99,133.71,2.88,,1.,,1.,
MLBS,Microfinance,"1,093,750.00","1,040.00",-2.35 %,2022/10/17 03:00:00,"2,189.10-419.40","1,133.21","1,125.40",152.92%,"21.98                                                                    (FY:078-079, Q:4)",47.32,159.43,6.52,,0,,0,
MEGA,Commercial Banks,"161,204,614.53",226.00,-1.31 %,2022/06/10 03:00:00,354.40-220.10,232.36,0.00,-31.45%,"17.57                                                                    (FY:078-079, Q:4)",12.86,142.52,1.59,2.07                                                                    (FY:077-078),1.,10.00                                                                    (FY:077-078),1.,10:6.5                                                                    (FY:072-073)
MMF1,Mutual Fund,"125,000,000.00",7.40,1.93 %,2022/10/17 03:00:00,10.28-7.07,7.86,7.71,0.00%,"0.00                                                                    (FY:078-079, Q:8)",0.00,0.00,0.00,,0,,0,
MERO,Microfinance,"12,000,000.00",760.00,-0.26 %,2022/10/17 03:00:00,"1,695.10-735.00",862.38,843.53,-45.32%,"36.85                                                                    (FY:078-079, Q:4)",20.62,172.99,4.39,1.05                                                                    (FY:077-078),1.,20.00                                                                    (FY:077-078),1.,
MMFDB,Microfinance,"5,220,853.90",940.00,0.21 %,2022/10/17 03:00:00,"1,747.00-922.00","1,070.98","1,041.70",-37.71%,"39.88                                                                    (FY:078-079, Q:4)",23.57,186.56,5.04,,1.,20.00                                                                    (FY:077-078),1.,2:1                                                                    (FY:074-075)
MDB,Development Bank Limited,"9,034,280.70",372.00,0 %,2022/10/17 03:00:00,709.00-308.00,384.01,373.09,-38.71%,"17.01                                                                    (FY:078-079, Q:4)",21.87,144.31,2.58,,1.,,1.,2:1                                                                    (FY:071-072)
MLBBL,Microfinance,"1,704,371.80","1,062.00",-1.21 %,2022/10/17 03:00:00,"2,185.80-1,020.00","1,247.81","1,210.89",-47.74%,"33.83                                                                    (FY:078-079, Q:4)",31.39,168.27,6.31,,1.,,1.,
MEN,Hydro Power,"19,680,270.00",761.40,1.93 %,2022/10/17 03:00:00,"1,319.00-695.00",853.81,807.33,-31.71%,"31.05                                                                    (FY:078-079, Q:4)",24.52,151.39,5.03,,0,,0,
MHNL,Hydro Power,"12,500,000.00",223.00,-2.19 %,2022/10/17 03:00:00,551.30-215.60,286.08,270.18,-40.05%,"11.58                                                                    (FY:078-079, Q:4)",19.26,100.34,2.22,,0,,0,
MNBBL,Development Bank Limited,"56,571,808.57",407.00,-0.49 %,2022/10/17 03:00:00,767.00-368.00,440.55,434.21,-41.79%,"24.22                                                                    (FY:078-079, Q:4)",16.80,143.21,2.84,0.93                                                                    (FY:077-078),1.,17.58                                                                    (FY:077-078),1.,
MND84/85,Corporate Debenture,"1,250,000.00",0.00,0 %,,0.00-0.00,0.00,0.00,0.00%,"0.00                                                                    (FY:, Q:0)",0.00,0.00,0.00,,0,,0,
MPFL,Finance,"4,520,000.00",314.00,-1.2 %,2022/10/17 03:00:00,565.40-206.10,294.53,299.78,-31.75%,"0.90                                                                    (FY:078-079, Q:4)",348.89,109.98,2.86,,1.,,1.,1:8.65                                                                    (FY:075-076)
NBF2,Mutual Fund,"112,000,000.00",8.40,0 %,2022/10/11 03:00:00,11.85-8.20,9.95,9.66,-21.13%,"0.00                                                                    (FY:, Q:0)",0.00,0.00,8.40,35.00                                                                    (FY:077-078),1.,,0,
NBF3,Mutual Fund,"125,000,000.00",7.70,-1.28 %,2022/10/17 03:00:00,10.08-7.36,8.32,8.19,0.00%,"0.00                                                                    (FY:, Q:0)",0.00,0.00,7.70,,0,,0,
NABIL,Commercial Banks,"228,329,090.00",794.00,0 %,2022/10/17 03:00:00,"1,740.00-726.00",832.11,806.93,-46.42%,"21.78                                                                    (FY:078-079, Q:4)",36.46,230.30,3.45,4.40                                                                    (FY:077-078),1.,33.60                                                                    (FY:077-078),1.,
NBLD85,Corporate Debenture,"3,000,000.00",800.00,0 %,2022/09/27 03:00:00,"1,000.00-777.00",811.88,804.71,0.00%,"0.00                                                                    (FY:, Q:0)",0.00,0.00,800.00,,0,,0,
NEF,Mutual Fund,"125,000,000.00",8.70,-0.34 %,2022/10/11 03:00:00,11.81-8.46,9.69,9.39,-17.22%,"0.00                                                                    (FY:, Q:0)",0.00,0.00,8.70,,1.,,0,
NADEP,Microfinance,"4,857,600.00","1,039.00",4.95 %,2020/12/31 03:00:00,"1,039.00-988.00","1,039.00",0.00,0.00%,"23.49                                                                    (FY:078-079, Q:4)",44.23,180.84,5.75,1.05                                                                    (FY:077-078),1.,20.00                                                                    (FY:077-078),1.,
NABBC,Development Bank Limited,"2,624,676.00",362.20,-1.84 %,2022/10/17 03:00:00,"1,031.00-317.70",398.09,408.21,-52.01%,"-6.01                                                                    (FY:078-079, Q:4)",-60.27,57.66,6.28,,0,,0,
NHPC,Hydro Power,"16,425,169.44",187.50,-2.6 %,2022/10/17 03:00:00,484.00-176.40,242.51,234.24,-51.68%,"-1.06                                                                    (FY:078-079, Q:4)",-176.89,101.04,1.86,,1.,,1.,
NLICL,Life Insurance,"40,351,581.52",542.00,0.37 %,2022/10/17 03:00:00,"1,179.00-499.10",598.41,569.85,-43.66%,"0.00                                                                    (FY:078-079, Q:4)",0.00,116.53,4.65,0.79                                                                    (FY:077-078),1.,15.00                                                                    (FY:077-078),1.,10:6                                                                    (FY:074-075)
NMFBS,Microfinance,"5,866,750.00","2,000.00",-2.2 %,2022/10/12 03:00:00,"3,876.00-1,745.00","2,072.26","2,115.98",-32.50%,"68.44                                                                    (FY:078-079, Q:4)",29.22,227.75,8.78,5.00                                                                    (FY:077-078),1.,40.00                                                                    (FY:077-078),1.,
NSLB,Microfinance,"3,033,952.60",735.00,-2 %,2022/10/17 03:00:00,"1,575.00-706.40",860.90,840.72,-50.47%,"26.07                                                                    (FY:078-079, Q:4)",28.19,153.75,4.78,,1.,,1.,
NIL,Non-Life Insurance,"17,498,790.00",672.20,-0.12 %,2022/10/17 03:00:00,"1,400.00-601.00",729.41,705.39,-47.81%,"31.44                                                                    (FY:078-079, Q:4)",21.38,127.85,5.26,,1.,,1.,1:1                                                                    (FY:073-074)
NAGRO,Microfinance,"652,586.90",720.00,1.12 %,2019/10/03 03:00:00,720.00-720.00,723.13,0.00,0.00%,"45.95                                                                    (FY:077-078, Q:4)",15.67,163.14,4.41,,0,14.00                                                                    (FY:076-077),1.,
NBB,Commercial Banks,"100,853,997.30",399.00,-0.25 %,2022/01/13 03:00:00,436.00-312.00,399.00,0.00,-3.16%,"14.69                                                                    (FY:078-079, Q:3)",27.16,160.26,2.49,3.50                                                                    (FY:077-078),1.,12.00                                                                    (FY:077-078),1.,10:8                                                                    (FY:072-073)
NBL,Commercial Banks,"144,059,048.30",273.00,0.37 %,2022/10/17 03:00:00,491.00-263.00,289.43,283.43,-43.60%,"22.67                                                                    (FY:078-079, Q:4)",12.04,248.42,1.10,3.00                                                                    (FY:077-078),1.,14.00                                                                    (FY:077-078),1.,100:23.74                                                                    (FY:072-073)
NBBU,Manufacturing And Processing,,64.00,1.59 %,2007/09/13 03:00:00,0.00-0.00,0.00,0.00,0.00%,"0.00                                                                    (FY:, Q:0)",0.00,0.00,64.00,10.00                                                                    (FY:068-069),1.,,0,
NCCB,Commercial Banks,"111,396,780.10",184.00,-3.16 %,2022/09/25 03:00:00,322.00-182.50,211.07,205.87,-38.87%,"18.15                                                                    (FY:078-079, Q:4)",10.14,147.79,1.25,7.63                                                                    (FY:078-079),1.,3.37                                                                    (FY:078-079),1.,2:1                                                                    (FY:072-073)
NTC,Others,"180,000,000.00",815.00,0.62 %,2022/10/17 03:00:00,"1,799.90-803.00",909.65,884.26,-20.25%,"46.56                                                                    (FY:078-079, Q:4)",17.50,528.13,1.54,20.00                                                                    (FY:077-078),1.,20.00                                                                    (FY:077-078),1.,
NFD,Others,"491,285,000.00",34.35,-2 %,2014/08/03 03:00:00,0.00-0.00,0.00,0.00,0.00%,"0.00                                                                    (FY:078-079, Q:2)",0.00,100.00,0.34,,0,,0,
NFS,Finance,"8,389,439.00",249.20,-1.89 %,2022/10/17 03:00:00,760.00-213.30,300.91,285.88,-51.61%,"5.79                                                                    (FY:078-079, Q:4)",43.04,126.85,1.96,1.16                                                                    (FY:067-068),1.,22.00                                                                    (FY:067-068),1.,1:0.70                                                                    (FY:078-079)
NHDL,Hydro Power,"3,199,300.00",301.10,-2.87 %,2022/10/17 03:00:00,625.00-294.00,374.46,362.17,-34.83%,"10.32                                                                    (FY:078-079, Q:4)",29.18,106.92,2.82,,1.,,1.,
NIFRA,Investment,"216,000,000.00",186.90,0.48 %,2022/10/17 03:00:00,435.00-179.90,246.18,229.56,-48.08%,"4.75                                                                    (FY:078-079, Q:4)",39.35,108.04,1.73,4.21                                                                    (FY:078-079),1.,8.00                                                                    (FY:077-078),1.,
NICL,Non-Life Insurance,"13,789,960.00",392.00,-0.51 %,2022/10/17 03:00:00,937.30-391.00,497.65,454.42,-51.30%,"23.86                                                                    (FY:078-079, Q:4)",16.43,128.63,3.05,,1.,,1.,1:0.65                                                                    (FY:075-076)
NIB,Commercial Banks,"183,075,410.00",265.00,-2.25 %,2022/06/10 03:00:00,405.00-262.00,296.45,0.00,-42.39%,"22.32                                                                    (FY:078-079, Q:4)",11.87,187.21,1.42,3.39                                                                    (FY:077-078),1.,12.61                                                                    (FY:077-078),1.,
NKU,Manufacturing And Processing,,32.00,0 %,2002/06/13 03:00:00,0.00-0.00,0.00,0.00,0.00%,"0.00                                                                    (FY:, Q:0)",0.00,0.00,32.00,15.00                                                                    (FY:076-077),1.,,0,
NLIC,Life Insurance,"82,079,665.50",582.00,0.17 %,2022/10/17 03:00:00,"1,810.00-575.00",744.51,694.97,-65.66%,"0.00                                                                    (FY:078-079, Q:4)",0.00,103.51,5.62,15.78                                                                    (FY:077-078),1.,,1.,
NLO,Manufacturing And Processing,"484,481.25",284.20,3.99 %,2022/09/29 03:00:00,284.20-247.80,262.30,266.14,-10.06%,"66.63                                                                    (FY:078-079, Q:4)",4.27,788.95,0.36,5.00                                                                    (FY:078-079),1.,25.00                                                                    (FY:078-079),1.,
NRIC,Others,"122,325,000.00",581.00,-0.17 %,2022/10/17 03:00:00,"1,590.00-570.00",766.88,716.95,-54.93%,"6.24                                                                    (FY:078-079, Q:3)",93.11,136.80,4.25,0.26                                                                    (FY:077-078),1.,5.00                                                                    (FY:077-078),1.,
SBI,Commercial Banks,"98,258,531.10",273.00,-0.73 %,2022/10/17 03:00:00,422.00-251.00,291.34,281.05,-23.53%,"16.67                                                                    (FY:078-079, Q:4)",16.38,174.15,1.57,1.81                                                                    (FY:077-078),1.,3.50                                                                    (FY:077-078),1.,
NSM,Finance,,174.00,-1.69 %,2010/06/06 03:00:00,0.00-0.00,0.00,0.00,0.00%,"0.00                                                                    (FY:, Q:0)",0.00,0.00,174.00,,0,,0,
NTL,Tradings,,56.00,0 %,2000/09/27 03:00:00,0.00-0.00,0.00,0.00,0.00%,"0.00                                                                    (FY:, Q:0)",0.00,0.00,56.00,,0,,0,
NVG,Manufacturing And Processing,,0.00,0 %,1900/01/01 12:00:00,0.00-0.00,0.00,0.00,0.00%,"0.00                                                                    (FY:, Q:0)",0.00,0.00,0.00,,0,,0,
NWC,Tradings,,95.00,1.06 %,2008/09/01 03:00:00,0.00-0.00,0.00,0.00,0.00%,"0.00                                                                    (FY:, Q:0)",0.00,0.00,95.00,,0,,0,
NLBBL,Microfinance,"6,000,000.00",844.00,0.72 %,2022/10/17 03:00:00,"1,517.70-796.80",930.69,914.55,-40.23%,"38.83                                                                    (FY:078-079, Q:4)",21.74,231.91,3.64,1.13                                                                    (FY:077-078),1.,21.49                                                                    (FY:077-078),1.,
NESDO,Microfinance,"2,550,000.00","2,800.00",-1.13 %,2022/10/17 03:00:00,"3,390.00-747.70","2,646.71","2,752.50",0.00%,"87.04                                                                    (FY:078-079, Q:4)",32.17,342.78,8.17,,0,,0,
NGPL,Hydro Power,"17,673,310.00",210.00,0.48 %,2022/10/17 03:00:00,871.00-208.00,388.52,304.42,-65.80%,"4.31                                                                    (FY:078-079, Q:4)",48.72,104.72,2.01,1.05                                                                    (FY:077-078),1.,20.00                                                                    (FY:077-078),1.,1:1.5                                                                    (FY:078-079)
NIBLPF,Mutual Fund,"75,000,000.00",8.23,3.65 %,2022/10/17 03:00:00,11.74-7.78,9.71,9.21,-23.65%,"0.00                                                                    (FY:, Q:0)",0.00,0.00,8.23,,0,,0,
NIBSF2,Mutual Fund,"150,000,000.00",7.15,1.13 %,2022/10/17 03:00:00,10.19-6.94,7.99,7.79,-25.05%,"0.00                                                                    (FY:, Q:0)",0.00,0.00,7.15,,0,,0,
NICBF,Mutual Fund,"75,500,000.00",10.37,1.97 %,2022/10/17 03:00:00,11.65-9.85,10.55,10.52,-0.96%,"0.00                                                                    (FY:078-079, Q:9)",0.00,0.00,0.00,,0,,0,
NICA,Commercial Banks,"115,640,053.70",610.00,0.02 %,2022/10/17 03:00:00,935.30-600.30,693.69,666.07,-28.15%,"39.13                                                                    (FY:078-079, Q:4)",15.59,217.52,2.80,1.00                                                                    (FY:076-077),1.,19.00                                                                    (FY:076-077),1.,
NICFC,Mutual Fund,"102,000,000.00",7.90,-0.13 %,2022/10/17 03:00:00,10.00-7.30,8.10,8.10,0.00%,"0.00                                                                    (FY:, Q:0)",0.00,0.00,7.90,,0,,0,
NICGF,Mutual Fund,"83,520,000.00",10.48,0.48 %,2022/10/17 03:00:00,12.80-10.01,11.06,10.94,-6.43%,"0.00                                                                    (FY:078-079, Q:8)",0.00,0.00,0.00,,0,,0,
NICLBSL,Microfinance,"17,394,400.00",718.00,-0.28 %,2022/10/17 03:00:00,"1,389.00-698.00",862.44,831.48,-36.46%,"33.67                                                                    (FY:078-079, Q:4)",21.32,181.00,3.97,5.42                                                                    (FY:077-078),1.,,0,
NICD88,Corporate Debenture,"1,573,872.00",0.00,0 %,,0.00-0.00,0.00,0.00,0.00%,"0.00                                                                    (FY:, Q:0)",0.00,0.00,0.00,,0,,0,
NICSF,Mutual Fund,"125,000,000.00",7.80,0.65 %,2022/10/17 03:00:00,10.00-7.44,8.27,8.18,-18.75%,"0.00                                                                    (FY:078-079, Q:9)",0.00,0.00,0.00,,0,,0,
NIDC,Development Bank Limited,"4,158,230.00",150.00,1.35 %,2015/07/22 03:00:00,150.00-150.00,0.00,0.00,0.00%,"13.43                                                                    (FY:074-075, Q:3)",11.17,900.29,0.17,,0,54.00                                                                    (FY:068-069),1.,
NUBL,Microfinance,"21,950,250.00",911.10,0.12 %,2022/10/17 03:00:00,"1,645.00-875.00","1,011.46",998.88,-39.06%,"46.85                                                                    (FY:078-079, Q:4)",19.45,219.87,4.14,1.55                                                                    (FY:077-078),1.,29.50                                                                    (FY:077-078),1.,
NLG,Non-Life Insurance,"13,266,143.00",450.00,0 %,2022/10/17 03:00:00,"1,012.00-423.00",532.63,486.78,-49.72%,"17.68                                                                    (FY:078-079, Q:4)",25.45,123.46,3.64,,1.,,1.,
NMBMF,Microfinance,"6,558,630.00",672.00,-2.89 %,2022/10/17 03:00:00,"1,525.00-653.00",770.11,753.97,-50.95%,"19.51                                                                    (FY:078-079, Q:4)",34.44,156.60,4.29,1.13                                                                    (FY:077-078),1.,21.50                                                                    (FY:077-078),1.,
NMB50,Mutual Fund,"125,000,000.00",9.56,-1.95 %,2022/10/16 03:00:00,13.68-8.77,11.73,11.34,-17.09%,"0.00                                                                    (FY:076-077, Q:7)",0.00,0.00,0.00,5.00                                                                    (FY:076-077),1.,,0,
NMB,Commercial Banks,"183,667,060.00",235.00,1.25 %,2022/10/17 03:00:00,427.00-226.40,260.08,251.15,-42.68%,"20.15                                                                    (FY:078-079, Q:4)",11.66,148.14,1.59,3.30                                                                    (FY:077-078),1.,12.50                                                                    (FY:077-078),1.,
NMBD87/88,Corporate Debenture,"2,000,000.00",0.00,0 %,,0.00-0.00,0.00,0.00,0.00%,"0.00                                                                    (FY:, Q:0)",0.00,0.00,0.00,,0,,0,
NMBEB92/93,Corporate Debenture,"1,500,000.00",0.00,0 %,,0.00-0.00,0.00,0.00,0.00%,"0.00                                                                    (FY:, Q:0)",0.00,0.00,0.00,,0,,0,
NMBHF1,Mutual Fund,"100,000,000.00",9.08,0.33 %,2022/10/13 03:00:00,13.00-8.97,10.85,10.54,-17.45%,"0.00                                                                    (FY:, Q:0)",0.00,0.00,9.08,8.00                                                                    (FY:076-077),1.,,0,
NRN,Investment,"12,232,117.00",412.00,-2.81 %,2022/10/17 03:00:00,836.00-407.00,500.11,486.68,-33.33%,"3.39                                                                    (FY:078-079, Q:4)",121.53,107.68,3.83,,1.,,1.,
NYADI,Hydro Power,"15,000,000.00",261.00,-1.36 %,2022/10/17 03:00:00,566.00-241.00,327.09,315.98,0.00%,"0.91                                                                    (FY:078-079, Q:4)",286.81,94.31,2.77,,0,,0,
ODBL,Development Bank Limited,"25,152,356.00",197.00,0.51 %,2018/08/19 03:00:00,197.00-197.00,197.00,0.00,0.00%,"23.84                                                                    (FY:075-076, Q:4)",8.26,156.63,1.26,,0,12.70                                                                    (FY:074-075),1.,
OHL,Hotels And Tourism,"11,280,904.40",455.00,0 %,2022/10/17 03:00:00,566.00-413.80,472.24,466.48,-9.00%,"-2.84                                                                    (FY:078-079, Q:4)",-160.21,176.59,2.58,10.79                                                                    (FY:075-076),1.,5.00                                                                    (FY:075-076),1.,
PMHPL,Hydro Power,"11,000,000.00",176.00,-0.56 %,2022/10/17 03:00:00,411.00-174.60,229.12,221.30,-40.90%,"-3.42                                                                    (FY:078-079, Q:4)",-51.46,78.49,2.24,,0,,0,
PPCL,Hydro Power,"9,625,000.00",268.50,-0.33 %,2022/10/17 03:00:00,580.00-230.00,311.63,306.51,-33.98%,"16.74                                                                    (FY:078-079, Q:4)",16.04,112.05,2.40,,0,,0,
PPL,Hydro Power,,230.20,-9.97 %,2022/10/17 03:00:00,305.80-230.20,242.95,242.95,0.00%,"0.00                                                                    (FY:, Q:0)",0.00,0.00,230.20,,0,,0,
PFL,Finance,"10,409,198.13",330.00,-1.79 %,2022/10/17 03:00:00,688.50-290.00,371.73,369.55,-44.07%,"9.73                                                                    (FY:078-079, Q:4)",33.92,137.38,2.40,,1.,,1.,1:0.15                                                                    (FY:074-075)
PRVU,Commercial Banks,"127,087,040.00",207.00,3.55 %,2022/10/17 03:00:00,408.00-193.20,222.75,210.40,-48.25%,"20.46                                                                    (FY:078-079, Q:4)",10.12,156.16,1.33,,1.,,1.,10:4                                                                    (FY:072-073)
PRIN,Non-Life Insurance,"12,897,120.00",428.00,1.93 %,2022/07/15 03:00:00,942.00-410.90,517.84,440.97,-45.13%,"18.43                                                                    (FY:078-079, Q:4)",23.22,117.79,3.63,,1.,,1.,1:0.46                                                                    (FY:074-075)
PLI,Life Insurance,"20,000,000.00",357.00,1.42 %,2022/07/14 03:00:00,691.00-321.80,421.86,368.05,-40.99%,"0.00                                                                    (FY:078-079, Q:4)",0.00,121.48,2.94,,0,,0,
PSF,Mutual Fund,"125,000,000.00",7.66,-0.78 %,2022/10/17 03:00:00,10.05-7.31,8.31,8.16,-21.19%,"0.00                                                                    (FY:, Q:0)",0.00,0.00,7.66,,0,,0,
PIC,Non-Life Insurance,"12,276,850.00",576.00,-3.19 %,2022/07/11 03:00:00,"1,225.00-512.00",662.29,588.32,-44.08%,"29.36                                                                    (FY:078-079, Q:4)",19.62,132.38,4.35,0.75                                                                    (FY:077-078),1.,14.25                                                                    (FY:077-078),1.,1:1.15                                                                    (FY:071-072)
PCBL,Commercial Banks,"186,563,228.04",221.50,0.23 %,2022/10/17 03:00:00,498.00-209.50,253.89,241.99,-53.76%,"19.73                                                                    (FY:078-079, Q:4)",11.23,147.69,1.50,0.63                                                                    (FY:077-078),1.,16.00                                                                    (FY:077-078),1.,
PLIC,Life Insurance,"27,796,160.00",569.00,-7.63 %,2022/05/12 03:00:00,944.70-569.00,623.87,0.00,-32.10%,"0.00                                                                    (FY:078-079, Q:4)",0.00,119.17,4.77,0.79                                                                    (FY:076-077),1.,15.00                                                                    (FY:076-077),1.,
PROFL,Finance,"8,561,070.00",263.00,-1.87 %,2022/10/17 03:00:00,477.90-192.00,271.82,270.90,-34.58%,"5.86                                                                    (FY:078-079, Q:4)",44.88,109.24,2.41,,1.,,1.,1:2.81                                                                    (FY:074-075)
PICL,Non-Life Insurance,"11,861,450.00",345.00,0.88 %,2022/10/17 03:00:00,812.00-328.30,394.20,368.32,-50.36%,"13.25                                                                    (FY:078-079, Q:4)",26.04,121.62,2.84,,1.,,1.,10:6                                                                    (FY:076-077)
RADHI,Hydro Power,"15,999,807.20",212.00,-0.93 %,2022/10/17 03:00:00,775.00-206.20,488.57,450.55,-62.48%,"3.18                                                                    (FY:078-079, Q:4)",66.67,108.35,1.96,5.00                                                                    (FY:074-075),1.,36.50                                                                    (FY:076-077),1.,1:1.4752                                                                    (FY:079-080)
RJM,Manufacturing And Processing,,100.00,0 %,2010/06/02 03:00:00,0.00-0.00,0.00,0.00,0.00%,"0.00                                                                    (FY:, Q:0)",0.00,0.00,100.00,,0,,0,
RRHP,Hydro Power,"5,600,000.00",563.10,-0.14 %,2021/11/03 03:00:00,589.90-427.50,563.10,0.00,11.07%,"13.09                                                                    (FY:078-079, Q:3)",43.02,110.34,5.10,12.60                                                                    (FY:077-078),1.,,0,
RHGCL,Hydro Power,,218.00,-1.8 %,2022/10/17 03:00:00,350.90-209.00,261.70,261.70,0.00%,"0.00                                                                    (FY:, Q:0)",0.00,0.00,218.00,,0,,0,100:33.16                                                                    (FY:074-075)
RULB,Microfinance,"2,600,000.00",931.00,0.11 %,2022/10/17 03:00:00,"1,931.70-502.00","1,018.59","1,015.42",0.00%,"25.58                                                                    (FY:078-079, Q:4)",36.40,170.08,5.47,,0,,0,
RBCL,Non-Life Insurance,"2,666,390.00","12,790.00",1.43 %,2022/10/17 03:00:00,"20,499.00-12,255.00","14,091.76","13,622.35",-27.49%,"177.58                                                                    (FY:078-079, Q:4)",72.02,"1,369.60",9.34,6.00                                                                    (FY:062-063),1.,114.27                                                                    (FY:062-063),1.,
RHPL,Hydro Power,"61,578,900.00",216.20,-0.96 %,2022/10/17 03:00:00,452.00-214.20,268.92,252.22,-37.69%,"-0.85                                                                    (FY:078-079, Q:4)",-254.35,95.39,2.27,,0,,0,
RMF1,Mutual Fund,"125,000,000.00",7.40,1.23 %,2022/10/17 03:00:00,10.00-7.28,8.10,7.97,-26.29%,"0.00                                                                    (FY:078-079, Q:9)",0.00,0.00,0.00,,0,,0,
RLFL,Finance,"10,530,060.00",305.00,-4.72 %,2022/10/17 03:00:00,634.00-222.20,320.97,323.12,-41.96%,"6.90                                                                    (FY:078-079, Q:4)",44.20,125.23,2.44,,1.,,1.,10:4.5                                                                    (FY:073-074)
RLI,Life Insurance,"21,000,000.00",368.50,10 %,2022/07/29 01:00:00,626.00-318.00,394.12,348.57,-26.67%,"0.00                                                                    (FY:078-079, Q:4)",0.00,110.25,3.34,5.26                                                                    (FY:076-077),1.,,0,
RIDI,Hydro Power,"11,063,580.00",459.80,0.39 %,2022/10/17 03:00:00,694.50-455.00,551.11,551.11,0.00%,"49.21                                                                    (FY:078-079, Q:4)",9.34,153.05,3.00,,0,,0,
RFPL,Hydro Power,"7,000,000.00",224.00,-2.78 %,2022/10/17 03:00:00,325.00-200.00,248.29,247.54,0.00%,"-1.13                                                                    (FY:078-079, Q:4)",-198.23,92.74,2.42,,0,,0,
RMDC,Microfinance,"12,410,663.30",834.00,0.85 %,2022/09/16 03:00:00,"1,799.00-707.00",861.61,853.14,-44.21%,"28.60                                                                    (FY:078-079, Q:4)",29.16,268.18,3.11,,1.,,1.,
RSDC,Microfinance,"8,051,557.40",486.00,0.21 %,2022/10/17 03:00:00,940.00-450.00,561.80,553.22,-43.08%,"16.79                                                                    (FY:078-079, Q:4)",28.95,126.13,3.85,0.53                                                                    (FY:077-078),1.,10.00                                                                    (FY:077-078),1.,
RURU,Hydro Power,"4,933,236.55",775.00,-1.65 %,2022/10/17 03:00:00,"1,269.20-670.10",834.84,824.23,-25.84%,"18.87                                                                    (FY:078-079, Q:4)",41.07,128.03,6.05,0.53                                                                    (FY:078-079),1.,10.00                                                                    (FY:078-079),1.,
SABSL,Microfinance,"2,700,000.00",970.00,-1.52 %,2022/10/17 03:00:00,"2,306.20-926.00","1,087.71","1,056.45",-53.77%,"36.95                                                                    (FY:078-079, Q:4)",26.25,158.17,6.13,1.63                                                                    (FY:077-078),1.,31.05                                                                    (FY:077-078),1.,
SDLBSL,Microfinance,"3,212,255.00",935.00,-1.58 %,2022/10/17 03:00:00,"1,871.00-903.00","1,056.04","1,035.08",-49.07%,"36.15                                                                    (FY:078-079, Q:4)",25.86,154.71,6.04,1.32                                                                    (FY:077-078),1.,25.00                                                                    (FY:077-078),1.,1:1                                                                    (FY:074-075)
SIC,Non-Life Insurance,"13,336,290.00",870.00,3.45 %,2022/07/13 03:00:00,"1,495.00-686.00",912.57,803.13,-32.82%,"30.16                                                                    (FY:078-079, Q:4)",28.85,135.21,6.43,1.05                                                                    (FY:077-078),1.,20.00                                                                    (FY:077-078),1.,
SHBL,Development Bank Limited,"2,722,706.00",460.00,0 %,2018/11/13 03:00:00,460.00-460.00,460.00,0.00,0.00%,"6.96                                                                    (FY:077-078, Q:4)",66.09,149.74,3.07,1.21                                                                    (FY:074-075),1.,23.00                                                                    (FY:074-075),1.,
SAHAS,Hydro Power,"35,000,000.00",421.00,-2.09 %,2022/10/17 03:00:00,789.40-377.50,492.03,478.52,0.00%,"20.44                                                                    (FY:078-079, Q:4)",20.60,157.72,2.67,,0,,0,
SBBLJ,Development Bank Limited,"5,096,682.00",197.00,2.07 %,2019/07/07 03:00:00,197.00-193.00,197.00,0.00,0.00%,"24.14                                                                    (FY:076-077, Q:3)",8.16,167.53,1.18,18.72                                                                    (FY:075-076),1.,20.00                                                                    (FY:073-074),1.,
STC,Tradings,"2,535,311.90","3,435.00",0.29 %,2022/10/17 03:00:00,"7,935.00-2,870.00","3,764.52","3,798.38",-56.00%,"14.90                                                                    (FY:078-079, Q:4)",230.54,631.83,5.44,,1.,,1.,
SAMAJ,Microfinance,"200,000.00",0.00,0 %,,0.00-0.00,0.00,0.00,0.00%,"78.18                                                                    (FY:077-078, Q:1)",0.00,105.10,0.00,,0,,0,
SMATA,Microfinance,"3,427,441.90",718.00,-3.49 %,2022/10/17 03:00:00,"1,632.00-696.30",833.34,811.49,-53.13%,"23.26                                                                    (FY:078-079, Q:4)",30.87,154.49,4.65,5.00                                                                    (FY:077-078),1.,20.00                                                                    (FY:077-078),1.,
SFC,Finance,,230.00,0 %,2010/06/10 03:00:00,0.00-0.00,0.00,0.00,0.00%,"0.00                                                                    (FY:, Q:0)",0.00,0.00,230.00,,0,,0,
SPC,Hydro Power,"5,000,000.00",424.00,0.71 %,2022/10/17 03:00:00,845.50-296.30,469.11,472.49,0.00%,"-14.49                                                                    (FY:078-079, Q:4)",-29.26,113.60,3.73,,0,,0,
SFCL,Finance,"8,189,115.00",246.00,-0.81 %,2022/10/17 03:00:00,605.00-179.40,258.78,258.80,-45.09%,"0.79                                                                    (FY:078-079, Q:4)",311.39,86.10,2.86,,0,,0,2:1                                                                    (FY:078-079)
SLBSL,Microfinance,"1,320,000.00","1,266.00",-1.86 %,2022/10/17 03:00:00,"1,760.00-951.60","1,458.66","1,479.36",-6.91%,"18.10                                                                    (FY:078-079, Q:4)",69.94,168.28,7.52,,1.,,1.,
SKBBL,Microfinance,"15,644,137.28","1,018.00",-1.08 %,2022/09/16 03:00:00,"1,844.00-965.00","1,091.74","1,081.33",-42.61%,"45.28                                                                    (FY:078-079, Q:4)",22.48,266.08,3.83,1.32                                                                    (FY:077-078),1.,25.00                                                                    (FY:077-078),1.,
SANIMA,Commercial Banks,"113,273,773.26",252.00,2.4 %,2022/10/17 03:00:00,510.00-233.00,272.04,260.79,-50.59%,"20.24                                                                    (FY:078-079, Q:4)",12.45,151.01,1.67,0.89                                                                    (FY:077-078),1.,17.00                                                                    (FY:077-078),1.,2:1                                                                    (FY:071-072)
SAEF,Mutual Fund,"130,000,000.00",9.70,1.04 %,2022/10/17 03:00:00,14.94-9.46,12.37,12.21,-22.83%,"0.00                                                                    (FY:, Q:0)",0.00,0.00,9.70,,1.,,0,
SGI,Non-Life Insurance,"10,000,000.00",365.00,1.96 %,2022/07/13 03:00:00,702.00-325.50,435.13,380.13,-38.66%,"14.49                                                                    (FY:078-079, Q:4)",25.19,115.14,3.17,,0,,0,
SLCF,Mutual Fund,"120,000,000.00",7.26,-1.89 %,2022/10/17 03:00:00,10.18-7.09,8.20,8.05,-27.62%,"0.00                                                                    (FY:, Q:0)",0.00,0.00,7.26,,0,,0,
SLI,Life Insurance,"20,840,000.00",345.90,0.44 %,2022/07/12 03:00:00,651.20-319.30,404.79,359.95,-36.88%,"0.00                                                                    (FY:078-079, Q:4)",0.00,118.80,2.91,,1.,,1.,
SHPC,Hydro Power,"30,892,510.00",252.00,-0.4 %,2022/10/17 03:00:00,484.00-250.00,317.51,301.58,-34.20%,"17.50                                                                    (FY:078-079, Q:4)",14.40,129.99,1.94,5.26                                                                    (FY:078-079),1.,10.00                                                                    (FY:077-078),1.,1:1                                                                    (FY:073-074)
SJCL,Hydro Power,"32,850,000.00",218.00,-0.91 %,2022/10/17 03:00:00,446.00-212.00,266.05,249.44,-36.26%,"-1.21                                                                    (FY:078-079, Q:4)",-180.17,93.52,2.33,,0,,0,
SAPDBL,Development Bank Limited,"8,343,384.30",218.00,-0.46 %,2022/10/17 03:00:00,452.90-178.10,240.63,235.34,-39.61%,"2.00                                                                    (FY:078-079, Q:4)",109.00,102.59,2.12,5.04                                                                    (FY:074-075),1.,3.00                                                                    (FY:074-075),1.,1:1.3                                                                    (FY:072-073)
SPHL,Hydro Power,"2,100,000.00",214.20,0 %,2022/10/17 03:00:00,214.20-194.80,214.20,214.20,0.00%,"7.18                                                                    (FY:078-079, Q:4)",29.83,83.71,2.56,,0,,0,
SDBD87,Corporate Debenture,"750,000.00",807.40,1.98 %,2022/10/12 03:00:00,"1,000.10-760.10",832.65,815.70,0.00%,"0.00                                                                    (FY:, Q:0)",0.00,0.00,807.40,,0,,0,
SADBL,Development Bank Limited,"30,106,696.62",287.50,-0.86 %,2022/10/17 03:00:00,454.90-245.00,313.88,304.08,-27.40%,"19.79                                                                    (FY:078-079, Q:4)",14.53,141.53,2.03,0.53                                                                    (FY:077-078),1.,10.00                                                                    (FY:077-078),1.,
SICL,Non-Life Insurance,"22,860,812.00",703.00,-1.26 %,2022/10/17 03:00:00,"2,157.00-690.10",861.83,795.75,-59.36%,"17.56                                                                    (FY:078-079, Q:4)",40.03,138.09,5.09,1.46                                                                    (FY:076-077),2.,27.76                                                                    (FY:076-077),2.,1:0.3                                                                    (FY:078-079)
SHINE,Development Bank Limited,"37,810,090.14",281.50,-0.57 %,2022/10/17 03:00:00,563.00-255.10,312.96,302.52,-38.80%,"17.07                                                                    (FY:078-079, Q:4)",16.49,143.03,1.97,0.57                                                                    (FY:077-078),1.,10.93                                                                    (FY:077-078),1.,2:1                                                                    (FY:069-070)
SSHL,Hydro Power,"14,764,000.00",173.20,-0.74 %,2022/10/17 03:00:00,426.90-171.10,236.20,221.52,-46.72%,"-24.63                                                                    (FY:078-079, Q:4)",-7.03,76.61,2.26,,0,,0,
SHIVM,Manufacturing And Processing,"44,000,000.00",641.50,-1.31 %,2022/10/17 03:00:00,"1,671.80-592.00",749.40,711.15,-51.55%,"15.67                                                                    (FY:078-079, Q:4)",40.94,209.82,3.06,29.00                                                                    (FY:077-078),1.,,0,
SBPP,Manufacturing And Processing,,50.00,0 %,2005/11/07 03:00:00,0.00-0.00,0.00,0.00,0.00%,"0.00                                                                    (FY:, Q:0)",0.00,0.00,50.00,,0,,0,
SIFC,Finance,"9,586,750.00",311.80,-0.7 %,2022/10/17 03:00:00,593.00-236.30,329.55,323.99,-33.66%,"9.59                                                                    (FY:078-079, Q:4)",32.51,138.90,2.24,,1.,,1.,(FY:10:8.3)
SRS,Manufacturing And Processing,,338.00,4.97 %,2020/07/27 03:00:00,338.00-338.00,338.00,0.00,0.00%,"0.00                                                                    (FY:, Q:0)",0.00,0.00,338.00,,0,,0,1:3                                                                    (FY:072-073)
SFFIL,Finance,"9,630,602.00",210.00,3.96 %,2020/01/22 03:00:00,210.00-210.00,210.00,0.00,0.00%,"14.53                                                                    (FY:077-078, Q:3)",14.45,140.54,1.49,0.68                                                                    (FY:076-077),1.,13.59                                                                    (FY:076-077),1.,
SBL,Commercial Banks,"125,244,268.35",305.50,1.16 %,2022/10/17 03:00:00,535.30-286.00,327.75,308.85,-33.44%,"25.71                                                                    (FY:078-079, Q:4)",11.88,174.98,1.75,0.75                                                                    (FY:077-078),1.,14.25                                                                    (FY:077-078),1.,
SEF,Mutual Fund,"150,000,000.00",8.40,-1.87 %,2022/10/17 03:00:00,11.64-7.81,9.58,9.13,-19.23%,"0.00                                                                    (FY:078-079, Q:9)",0.00,0.00,0.00,9.00                                                                    (FY:078-079),1.,,0,
SEOS,Mutual Fund,"100,000,000.00",10.85,-0.82 %,2019/07/21 03:00:00,10.85-10.85,10.85,0.00,0.00%,"0.00                                                                    (FY:075-076, Q:3)",0.00,0.00,0.00,12.00                                                                    (FY:074-075),1.,,0,
SIL,Non-Life Insurance,"12,880,000.00",543.70,-6.26 %,2022/07/11 03:00:00,"1,111.00-498.00",630.29,550.67,-37.65%,"24.93                                                                    (FY:078-079, Q:4)",21.81,124.27,4.38,,1.,,1.,10:3.5                                                                    (FY:074-075)
SIGS2,Mutual Fund,"120,000,000.00",8.05,-1.83 %,2022/10/17 03:00:00,12.19-7.80,9.57,9.12,-23.62%,"0.00                                                                    (FY:078-079, Q:7)",0.00,0.00,0.00,10.00                                                                    (FY:078-079),1.,,0,
SINDU,Development Bank Limited,"5,574,560.67",262.90,1.12 %,2022/10/17 03:00:00,501.00-220.60,287.39,280.34,-39.42%,"12.22                                                                    (FY:078-079, Q:4)",21.51,114.46,2.30,,1.,,1.,10:8                                                                    (FY:072-073)
SHEL,Hydro Power,"14,500,000.00",224.00,-2.61 %,2022/10/17 03:00:00,537.00-206.10,278.78,262.32,-44.96%,"-3.63                                                                    (FY:078-079, Q:4)",-61.71,96.89,2.31,,0,,0,
SHL,Hotels And Tourism,"8,425,797.30",203.00,1.05 %,2022/10/17 03:00:00,252.90-186.70,209.93,208.22,-10.53%,"3.58                                                                    (FY:078-079, Q:4)",56.70,20.58,9.86,,1.,,1.,
SPARS,Microfinance,"1,120,290.90",972.00,-0.51 %,2020/10/06 03:00:00,977.00-955.00,972.00,0.00,0.00%,"41.85                                                                    (FY:077-078, Q:3)",23.23,142.34,6.83,,1.,,1.,1:1                                                                    (FY:075-076)
SCB,Commercial Banks,"94,294,540.00",410.00,-4.43 %,2022/10/17 03:00:00,561.00-375.00,418.65,416.27,-23.08%,"24.07                                                                    (FY:078-079, Q:4)",17.03,192.00,2.14,3.06                                                                    (FY:077-078),1.,10.00                                                                    (FY:077-078),1.,
SMFDB,Microfinance,"4,940,000.00",963.90,3.7 %,2022/10/12 03:00:00,"1,588.00-749.00",892.70,855.53,-32.64%,"29.42                                                                    (FY:078-079, Q:4)",32.76,151.27,6.37,1.11                                                                    (FY:075-076),1.,,1.,
SRBL,Commercial Banks,"101,188,928.09",204.00,0.84 %,2022/10/17 03:00:00,322.00-189.40,211.73,204.76,-34.62%,"21.26                                                                    (FY:078-079, Q:4)",9.60,165.29,1.23,0.35                                                                    (FY:077-078),1.,6.65                                                                    (FY:077-078),1.,10:3                                                                    (FY:072-073)
SBCF,Mutual Fund,"125,000,000.00",7.43,3.19 %,2022/10/17 03:00:00,9.97-7.04,8.02,7.92,-24.18%,"0.00                                                                    (FY:, Q:0)",0.00,0.00,7.43,,0,,0,
SFMF,Mutual Fund,"86,000,000.00",8.86,1.61 %,2022/10/17 03:00:00,12.50-8.53,10.98,10.76,-18.04%,"0.00                                                                    (FY:, Q:0)",0.00,0.00,8.86,,0,,0,
SMB,Microfinance,"858,000.00","1,202.50",1.31 %,2022/10/17 03:00:00,"2,768.00-1,180.00","1,375.14","1,318.12",-55.46%,"24.49                                                                    (FY:078-079, Q:4)",49.10,159.55,7.54,1.58                                                                    (FY:077-078),1.,30.00                                                                    (FY:077-078),1.,1:2                                                                    (FY:072-073)
SLICL,Life Insurance,"25,502,820.00",387.00,5.74 %,2022/06/26 03:00:00,907.00-351.00,490.45,373.71,-52.22%,"0.00                                                                    (FY:078-079, Q:4)",0.00,126.10,3.07,,1.,,1.,10:7                                                                    (FY:075-076)
SLBS,Microfinance,"7,919,850.00","1,713.00",-3.12 %,2021/08/31 03:00:00,"1,752.00-1,700.00","1,713.00",0.00,0.00%,"17.27                                                                    (FY:078-079, Q:3)",99.19,165.52,10.35,0.81                                                                    (FY:076-077),1.,20.00                                                                    (FY:077-078),1.,
SWMF,Microfinance,"7,919,847.90",691.00,-0.58 %,2022/10/17 03:00:00,"1,346.00-666.00",794.52,780.44,0.00%,"17.63                                                                    (FY:078-079, Q:4)",39.19,170.55,4.05,,0,,0,
SWBBL,Microfinance,"11,221,700.00","1,210.00",-0.58 %,2022/10/17 03:00:00,"1,681.00-925.00","1,152.01","1,185.64",-26.53%,"62.43                                                                    (FY:078-079, Q:4)",19.38,300.87,4.02,6.00                                                                    (FY:077-078),1.,19.00                                                                    (FY:077-078),1.,
SMFBS,Microfinance,"1,217,821.50","1,490.00",-1.32 %,2022/10/17 03:00:00,"2,848.00-1,331.00","1,571.23","1,578.63",-45.12%,"43.28                                                                    (FY:078-079, Q:4)",34.43,167.23,8.91,1.70                                                                    (FY:077-078),1.,32.30                                                                    (FY:077-078),1.,
SDESI,Microfinance,"2,760,000.00",800.00,-0.5 %,2020/08/13 03:00:00,800.00-800.00,800.00,0.00,0.00%,"87.13                                                                    (FY:077-078, Q:2)",9.18,177.72,4.50,,1.,,1.,1:1                                                                    (FY:074-075)
SLBBL,Microfinance,"5,140,991.20",820.00,-0.61 %,2022/10/17 03:00:00,"1,608.90-726.00",877.39,877.91,-47.27%,"39.41                                                                    (FY:078-079, Q:4)",20.81,157.58,5.20,,1.,25.00                                                                    (FY:077-078),1.,
SGHC,Hydro Power,"15,930,000.00",219.00,0 %,2022/10/17 03:00:00,357.00-213.10,271.72,271.72,0.00%,"-1.46                                                                    (FY:078-079, Q:4)",-150.00,94.08,2.33,,0,,0,
SYFL,Finance,"4,744,090.00",145.00,2.84 %,2017/10/11 03:00:00,145.00-145.00,145.00,0.00,0.00%,"11.02                                                                    (FY:074-075, Q:4)",13.16,71.81,2.02,,0,,0,1:0.25                                                                    (FY:072-073)
SPDL,Hydro Power,"8,065,750.00",248.00,-1.31 %,2022/10/17 03:00:00,571.00-243.10,329.74,315.88,-39.51%,"6.20                                                                    (FY:078-079, Q:4)",40.00,107.37,2.31,0.53                                                                    (FY:077-078),1.,10.00                                                                    (FY:077-078),1.,
TRH,Hotels And Tourism,"18,866,540.00",328.00,1.3 %,2022/10/17 03:00:00,409.50-302.10,338.35,335.36,-10.85%,"9.97                                                                    (FY:078-079, Q:4)",32.90,123.41,2.66,10.00                                                                    (FY:076-077),1.,,0,
TPC,Hydro Power,"4,000,000.00",327.00,-0.61 %,2022/10/17 03:00:00,825.00-254.20,438.06,429.96,0.00%,"-1.11                                                                    (FY:078-079, Q:4)",-294.59,74.57,4.39,,0,,0,
TMDBL,Development Bank Limited,"19,219,148.32",197.00,-1.01 %,2020/10/15 03:00:00,215.00-196.00,197.00,0.00,0.00%,"11.41                                                                    (FY:077-078, Q:1)",17.27,123.14,1.60,0.63                                                                    (FY:074-075),1.,,1.,10:3.5                                                                    (FY:072-073)
UNL,Manufacturing And Processing,"921,000.00","18,120.00",-1.25 %,2022/10/16 03:00:00,"20,600.00-16,556.70","18,327.74","18,264.37",-4.20%,"776.33                                                                    (FY:078-079, Q:4)",23.34,"3,940.83",4.60,650.00                                                                    (FY:077-078),1.,,0,
UNHPL,Hydro Power,"7,500,000.00",175.00,-1.69 %,2022/10/17 03:00:00,444.00-165.10,225.56,216.62,-45.99%,"4.00                                                                    (FY:078-079, Q:4)",43.75,93.86,1.86,,0,,0,
ULI,Life Insurance,"21,500,000.00",521.00,-6.96 %,2022/05/12 03:00:00,746.00-506.70,570.61,0.00,-10.94%,"0.00                                                                    (FY:078-079, Q:4)",0.00,150.22,3.47,,0,,0,
UFL,Finance,"10,408,346.50",423.00,3.17 %,2021/04/29 03:00:00,425.00-409.00,423.00,0.00,0.00%,"10.46                                                                    (FY:077-078, Q:3)",40.44,159.49,2.65,,1.,3.00                                                                    (FY:075-076),1.,
