Symbol,Sector,Shares Outstanding,Market Price,Percent Change,Last Trade On,52 Week Low/High,180 Day Average,120 Day Average,One Year Yield,EPS,P/E Ratio,Book Value,P/B Ratio,Dividend,180Change,Technical Quality,Fundamental Health,Final Rating
NABIL,Commercial Banks,"270,569,970.00",518.00,-0.38 %,2026/04/24 02:59:39,562.00-471.00,508.56,510.59,6.61%,"35.18                                                                    (FY:082-083, Q:2)",14.72,235.64,2.20,12.50                                                                    (FY:081-082),1.86,0.4835,0.1452,0.3144
NIMB,Commercial Banks,"341,285,950.00",203.50,0.79 %,2026/04/24 02:59:38,247.00-184.20,198.95,201.10,-2.85%,"9.45                                                                    (FY:082-083, Q:2)",21.53,194.77,1.04,,2.29,0.6927,0.2295,0.4611
SCB,Commercial Banks,"100,423,680.00",650.00,0.62 %,2026/04/24 02:57:20,712.60-594.90,643.14,647.56,5.31%,"27.35                                                                    (FY:082-083, Q:2)",23.77,210.97,3.08,19.00                                                                    (FY:081-082),1.07,0.5319,0.0986,0.3153
HBL,Commercial Banks,"225,816,625.32",206.40,-1.24 %,2026/04/24 02:59:59,261.00-184.00,197.91,201.39,-8.28%,"11.45                                                                    (FY:082-083, Q:2)",18.03,174.23,1.18,,4.29,0.7091,0.2139,0.4615
SBI,Commercial Banks,"113,351,243.90",410.00,0.32 %,2026/04/24 02:59:56,452.00-363.00,405.24,409.77,0.10%,"18.20                                                                    (FY:082-083, Q:2)",22.53,189.52,2.16,5.00                                                                    (FY:081-082),1.17,0.4719,0.1281,0.3000
EBL,Commercial Banks,"137,213,760.00",693.60,0.23 %,2026/04/24 02:59:39,780.60-610.00,667.37,682.59,11.76%,"30.86                                                                    (FY:082-083, Q:2)",22.48,235.04,2.95,14.00                                                                    (FY:081-082),3.93,0.5100,0.1034,0.3067
NICA,Commercial Banks,"149,175,669.22",361.20,0.06 %,2026/04/24 02:59:56,428.40-304.50,338.34,349.88,0.99%,"1.76                                                                    (FY:082-083, Q:2)",205.23,198.33,1.82,,6.76,0.5424,0.1138,0.3281
MBL,Commercial Banks,"120,862,115.64",244.60,-0.16 %,2026/04/24 02:59:58,284.00-205.00,230.88,239.92,9.46%,"16.73                                                                    (FY:082-083, Q:2)",14.62,161.63,1.51,4.00                                                                    (FY:081-082),5.94,0.4987,0.1872,0.3429
LSL,Commercial Banks,"267,811,630.00",215.00,-0.28 %,2026/04/24 02:59:58,252.00-201.00,219.69,216.57,2.75%,"-2.04                                                                    (FY:082-083, Q:2)",-105.39,166.23,1.29,0.53                                                                    (FY:081-082),-2.13,0.7255,0.1474,0.4365
KBL,Commercial Banks,"262,258,613.40",223.00,0.36 %,2026/04/24 02:59:59,256.00-175.50,195.92,203.80,9.42%,"20.74                                                                    (FY:082-083, Q:2)",10.75,151.16,1.48,,13.82,0.4099,0.2095,0.3097
SBL,Commercial Banks,"147,944,792.00",389.90,-0.28 %,2026/04/24 02:59:57,424.00-261.00,373.84,389.76,42.90%,"17.93                                                                    (FY:082-083, Q:2)",21.75,211.23,1.85,5.53                                                                    (FY:081-082),4.30,0.2092,0.1449,0.1770
SHL,Hotels And Tourism,"11,751,420.90",501.00,0.7 %,2026/04/24 02:59:55,619.00-464.00,505.02,501.85,1.01%,"5.92                                                                    (FY:082-083, Q:2)",84.63,26.31,19.04,16.58                                                                    (FY:081-082),-0.80,0.7613,0.0200,0.3906
TRH,Hotels And Tourism,"19,621,201.60",752.00,0.8 %,2026/04/24 02:58:20,"1,086.30-681.10",737.59,753.34,-24.91%,"-9.26                                                                    (FY:082-083, Q:2)",-81.21,150.05,5.01,5.00                                                                    (FY:081-082),1.95,0,0.0301,0.0150
OHL,Hotels And Tourism,"11,844,949.60",700.00,0.43 %,2026/04/24 02:54:27,"1,049.50-633.10",713.08,718.67,-19.52%,"-4.63                                                                    (FY:082-083, Q:2)",-151.19,328.33,2.13,0.26                                                                    (FY:080-081),-1.83,0,0.0886,0.0443
NHPC,Hydro Power,"24,671,629.15",312.50,1.79 %,2026/04/24 02:59:59,340.00-178.60,226.84,247.69,42.64%,"2.11                                                                    (FY:082-083, Q:2)",148.10,97.41,3.21,,37.76,0.1704,0.0677,0.1190
BPCL,Hydro Power,"34,090,650.00",682.00,-1.16 %,2026/04/24 02:59:59,"1,065.00-420.00",731.75,734.92,63.20%,"13.22                                                                    (FY:082-083, Q:2)",51.59,208.40,3.27,6.00                                                                    (FY:081-082),-6.80,0,0.0767,0.0384
CHCL,Hydro Power,"94,849,886.80",479.00,-0.64 %,2026/04/24 02:59:58,599.60-456.00,487.02,484.21,0.40%,"8.39                                                                    (FY:082-083, Q:2)",57.09,120.86,3.96,4.00                                                                    (FY:081-082),-1.65,0.8398,0.0645,0.4521
STC,Tradings,"3,527,886.50","5,770.00",1.41 %,2026/04/24 02:59:33,"6,335.90-4,832.00","5,581.53","5,736.07",12.83%,"25.93                                                                    (FY:082-083, Q:2)",222.52,483.06,11.94,,0,0,0,0.0000
BBC,Tradings,"40,100,000.00","4,888.80",0.51 %,2026/04/24 02:48:21,"6,537.00-4,480.00","4,882.89","4,873.71",-16.29%,"0.00                                                                    (FY:081-082, Q:2)",0.00,100.00,48.89,,0,0,0,0.0000
NUBL,Microfinance,"27,426,837.38",679.00,-1.28 %,2026/04/24 02:54:04,854.40-650.00,721.12,706.17,1.65%,"8.73                                                                    (FY:082-083, Q:2)",77.78,213.17,3.19,7.00                                                                    (FY:081-082),-5.84,0.8581,0.0730,0.4655
CBBL,Microfinance,"36,172,641.01",898.00,-0.66 %,2026/04/24 02:59:44,"1,144.80-822.00",961.22,934.38,7.45%,"31.85                                                                    (FY:082-083, Q:2)",28.19,233.66,3.84,12.50                                                                    (FY:081-082),-6.58,0,0.0805,0.0403
DDBL,Microfinance,"20,551,142.70",826.30,-0.92 %,2026/04/24 02:58:37,"1,010.00-760.20",850.70,846.15,5.14%,"43.10                                                                    (FY:082-083, Q:2)",19.17,210.12,3.93,5.00                                                                    (FY:081-082),-2.87,0,0.0926,0.0463
SANIMA,Commercial Banks,"135,815,254.10",349.50,2.04 %,2026/04/24 02:59:36,391.00-295.00,330.08,341.54,13.88%,"22.93                                                                    (FY:082-083, Q:3)",15.24,179.55,1.95,7.37                                                                    (FY:081-082),5.88,0.4323,0.1551,0.2937
NABBC,Development Bank Limited,"5,249,352.00","1,236.00",-1.9 %,2026/04/24 02:59:59,"1,835.00-662.00","1,239.30","1,417.15",-28.12%,"-18.04                                                                    (FY:082-083, Q:2)",-68.51,33.05,37.40,,0,0,0,0.0000
NICL,Non-Life Insurance,"25,485,750.10",485.40,-0.78 %,2026/04/24 02:59:59,836.00-477.20,511.47,508.15,-38.42%,"0.39                                                                    (FY:082-083, Q:2)","1,244.62",170.11,2.85,6.32                                                                    (FY:081-082),-5.10,0.9771,0,0.4885
RBCL,Non-Life Insurance,"2,666,390.60","15,350.00",1.99 %,2026/04/24 02:58:24,"16,900.00-14,350.00","15,093.01","15,194.32",3.37%,"132.96                                                                    (FY:082-083, Q:2)",115.45,"6,461.26",2.38,6.00                                                                    (FY:062-063),0,0,0,0.0000
NLICL,Life Insurance,"56,916,493.30",580.00,-1.02 %,2026/04/24 02:59:31,691.00-539.00,599.49,592.87,-6.85%,"10.08                                                                    (FY:082-083, Q:2)",57.54,127.64,4.54,8.50                                                                    (FY:081-082),-3.25,0.7303,0.0580,0.3942
HEI,Non-Life Insurance,"25,001,574.00",515.00,0.19 %,2026/04/24 02:59:57,654.00-458.00,511.85,522.48,-11.30%,"1.26                                                                    (FY:082-083, Q:2)",408.73,209.67,2.46,8.00                                                                    (FY:081-082),0.62,0.7092,0.0833,0.3963
UAIL,Non-Life Insurance,"25,410,000.00",445.10,-1.07 %,2026/04/24 02:57:24,644.40-422.10,461.74,464.77,-29.91%,"-8.39                                                                    (FY:082-083, Q:2)",-53.05,165.19,2.69,0.53                                                                    (FY:080-081),-3.60,0.8965,0.0593,0.4779
SPIL,Non-Life Insurance,"28,065,499.00",710.00,-1.11 %,2026/04/24 02:59:43,894.50-625.00,712.02,720.24,-12.68%,"-12.72                                                                    (FY:082-083, Q:2)",-55.82,241.34,2.94,25.00                                                                    (FY:081-082),-0.28,0.6846,0.0537,0.3691
NIL,Non-Life Insurance,"27,722,783.00",615.00,0.99 %,2026/04/24 02:59:52,783.90-562.00,621.37,633.99,-17.89%,"0.78                                                                    (FY:082-083, Q:2)",788.46,229.46,2.68,12.79                                                                    (FY:081-082),-1.03,0.7612,0.0756,0.4184
PRIN,Non-Life Insurance,"18,489,390.85",659.90,-0.74 %,2026/04/24 02:59:56,960.30-630.00,699.58,719.46,-25.64%,"13.25                                                                    (FY:082-083, Q:2)",49.80,194.85,3.39,0.46                                                                    (FY:081-082),-5.67,0.9095,0.0751,0.4923
SALICO,Non-Life Insurance,"26,226,382.00",597.50,-0.42 %,2026/04/24 02:56:20,765.90-570.10,604.34,608.94,-16.76%,"2.85                                                                    (FY:082-083, Q:2)",209.65,227.43,2.63,15.00                                                                    (FY:081-082),-1.13,0.8601,0.0799,0.4700
IGI,Non-Life Insurance,"30,293,346.39",430.00,-1.15 %,2026/04/24 02:56:00,600.00-392.00,431.79,439.21,-22.91%,"-11.96                                                                    (FY:082-083, Q:2)",-35.95,176.25,2.44,5.00                                                                    (FY:081-082),-0.41,0.8173,0.0597,0.4385
NLIC,Life Insurance,"94,802,013.70",770.00,-0.13 %,2026/04/24 02:59:59,890.00-702.00,793.17,781.71,-0.49%,"7.11                                                                    (FY:082-083, Q:2)",108.30,124.86,6.17,16.05                                                                    (FY:081-082),-2.92,0.6383,0.0398,0.3390
LICN,Life Insurance,"55,000,000.00",820.00,-0.12 %,2026/04/24 02:59:26,998.00-773.00,863.17,852.11,-13.54%,"8.17                                                                    (FY:082-083, Q:2)",100.37,174.41,4.70,21.05                                                                    (FY:081-082),-5.00,0.7911,0.0505,0.4208
SICL,Non-Life Insurance,"30,984,849.40",622.00,-0.4 %,2026/04/24 02:59:28,828.00-588.80,637.53,638.29,-22.21%,"-2.89                                                                    (FY:082-083, Q:2)",-215.22,191.17,3.25,0.32                                                                    (FY:081-082),-2.44,0.8612,0.0578,0.4595
NFS,Finance,"7,756,467.47",591.50,-0.76 %,2026/04/24 02:59:54,851.00-576.00,639.65,638.48,-11.16%,"-22.52                                                                    (FY:082-083, Q:2)",-26.27,121.25,4.88,1.16                                                                    (FY:067-068),-7.53,0.9436,0.0105,0.4770
BNL,Manufacturing And Processing,"1,948,890.00","15,198.00",-0.99 %,2026/04/24 02:59:42,"18,440.00-14,635.80","15,628.75","15,461.02",-17.63%,"32.09                                                                    (FY:082-083, Q:2)",473.61,"3,201.17",4.75,,0,0,0,0.0000
NLO,Manufacturing And Processing,"874,352.40",269.40,0 %,2026/04/07 11:37:27,293.20-244.33,259.27,265.97,-4.60%,"48.25                                                                    (FY:082-083, Q:2)",5.58,507.62,0.53,1.05                                                                    (FY:081-082),3.91,0.4870,0.5207,0.5039
GUFL,Finance,"8,679,938.00",516.50,-1.05 %,2026/04/24 02:59:37,644.00-460.60,535.83,553.92,-9.52%,"14.21                                                                    (FY:082-083, Q:2)",36.35,148.65,3.47,,-3.61,0.6952,0.0796,0.3874
CIT,Investment,"68,057,980.00","1,772.40",-0.43 %,2026/04/24 02:57:37,"2,168.00-1,730.80","1,813.18","1,794.76",-9.06%,"19.55                                                                    (FY:082-083, Q:2)",90.66,280.46,6.32,8.00                                                                    (FY:081-082),0,0,0,0.0000
BNT,Manufacturing And Processing,"1,210,000.00","11,790.00",2.48 %,2026/04/24 02:04:22,"13,205.00-10,660.00","11,732.26","11,816.52",-8.53%,"223.96                                                                    (FY:082-083, Q:2)",52.64,"3,021.55",3.90,,0,0,0,0.0000
UNL,Manufacturing And Processing,"921,000.00","46,220.00",-0.6 %,2026/04/23 02:18:10,"50,724.00-45,000.00","46,959.91","46,886.58",-0.71%,"935.72                                                                    (FY:082-083, Q:2)",49.40,"4,627.69",9.99,"1,842.00                                                                    (FY:081-082)",0,0,0,0.0000
BFC,Finance,"8,904,242.36",454.00,-1.3 %,2026/04/24 02:56:18,579.90-411.50,474.14,476.72,-10.59%,"3.93                                                                    (FY:082-083, Q:2)",115.52,107.30,4.23,,-4.25,0.7476,0.0542,0.4009
GFCL,Finance,"9,461,152.00",625.00,0.08 %,2026/04/24 02:59:47,756.80-528.30,628.90,653.76,-2.80%,"23.61                                                                    (FY:082-083, Q:2)",26.47,256.65,2.44,,-0.62,0.5768,0.1122,0.3445
HDL,Manufacturing And Processing,"36,880,821.75","1,146.00",-0.26 %,2026/04/24 02:59:59,"1,556.10-1,103.00","1,177.13","1,165.62",-3.35%,"24.31                                                                    (FY:082-083, Q:2)",47.14,120.87,9.48,5.00                                                                    (FY:081-082),0,0,0,0.0000
PFL,Finance,"10,825,566.05",381.20,-0.73 %,2026/04/24 02:59:53,475.50-352.80,383.34,385.97,-6.57%,"43.20                                                                    (FY:082-083, Q:2)",8.82,78.22,4.87,,-0.56,0.7685,0.1317,0.4501
NMB,Commercial Banks,"192,850,410.00",244.90,0.82 %,2026/04/24 02:59:01,283.00-231.00,244.37,244.27,1.17%,"17.10                                                                    (FY:082-083, Q:2)",14.32,169.36,1.45,5.00                                                                    (FY:081-082),0.22,0.7327,0.1938,0.4632
SIFC,Finance,"10,000,000.00",550.00,0.92 %,2026/04/24 02:59:58,687.40-459.00,546.42,574.91,8.45%,"2.43                                                                    (FY:082-083, Q:2)",226.34,136.25,4.04,6.40                                                                    (FY:081-082),0.66,0.6016,0.0530,0.3273
CFCL,Finance,"9,488,754.59",505.00,-0.79 %,2026/04/24 02:59:33,608.50-445.10,515.29,534.18,-10.75%,"8.26                                                                    (FY:082-083, Q:2)",61.14,113.65,4.44,,-2.00,0.6334,0.0581,0.3458
JFL,Finance,"6,904,728.00",413.10,-0.46 %,2026/04/24 02:59:00,558.00-395.00,431.57,434.31,-12.10%,"-6.48                                                                    (FY:082-083, Q:2)",-63.75,-5.49,-75.25,,-4.28,0.8890,-0.0152,0.4369
PRVU,Commercial Banks,"235,424,900.00",201.30,0.15 %,2026/04/24 02:59:57,250.90-179.90,194.88,197.38,-0.39%,"8.62                                                                    (FY:082-083, Q:2)",23.35,146.17,1.38,,3.29,0.6986,0.1792,0.4389
SFCL,Finance,"8,189,114.00",385.00,0.39 %,2026/04/24 02:59:29,565.00-359.40,395.83,395.43,-24.73%,"0.29                                                                    (FY:082-083, Q:2)","1,327.59",59.96,6.42,,-2.74,0.8755,0,0.4377
GMFIL,Finance,"10,121,760.00",467.90,-1.08 %,2026/04/24 02:59:24,557.00-393.10,471.87,478.32,-4.40%,"3.33                                                                    (FY:082-083, Q:2)",140.51,164.67,2.84,,-0.84,0.5436,0.0761,0.3098
SWBBL,Microfinance,"17,500,000.00",730.00,-0.68 %,2026/04/24 02:59:59,"1,046.50-711.00",764.76,749.04,-11.45%,"19.73                                                                    (FY:082-083, Q:2)",37.00,218.53,3.34,4.36                                                                    (FY:081-082),-4.55,0,0.0815,0.0408
ICFC,Finance,"11,834,709.60",622.00,-1.19 %,2026/04/24 02:59:41,730.90-555.00,646.62,655.78,5.25%,"5.41                                                                    (FY:082-083, Q:2)",114.97,170.19,3.65,15.79                                                                    (FY:081-082),-3.81,0.6191,0.0618,0.3404
EDBL,Development Bank Limited,"12,496,944.70",581.80,0.31 %,2026/04/24 02:59:58,717.30-545.00,596.18,598.76,-4.70%,"14.17                                                                    (FY:082-083, Q:2)",41.06,177.95,3.27,,-2.41,0.7864,0.0806,0.4335
NTC,Others,"180,000,000.00",870.00,-0.23 %,2026/04/24 02:59:41,942.50-762.50,869.59,870.45,-2.40%,"46.27                                                                    (FY:082-083, Q:2)",18.80,539.51,1.61,30.00                                                                    (FY:081-082),0.05,0.4028,0.1668,0.2848
PROFL,Finance,"8,481,060.00",445.00,-1.33 %,2026/04/24 02:58:59,589.20-421.40,466.29,468.32,-12.87%,"-6.90                                                                    (FY:082-083, Q:2)",-64.49,73.93,6.02,,-4.57,0.8594,0.0208,0.4401
GBIME,Commercial Banks,"381,158,530.00",232.50,-0.21 %,2026/04/24 02:59:47,278.90-213.00,231.90,233.80,7.28%,"17.06                                                                    (FY:082-083, Q:2)",13.63,175.29,1.33,8.00                                                                    (FY:081-082),0.26,0.7041,0.2091,0.4566
CZBIL,Commercial Banks,"155,074,636.14",208.00,0.48 %,2026/04/24 02:59:53,240.10-183.00,200.71,204.16,2.80%,"4.63                                                                    (FY:082-083, Q:2)",44.92,149.79,1.39,0.26                                                                    (FY:081-082),3.63,0.5622,0.1617,0.3619
PCBL,Commercial Banks,"209,547,817.73",242.50,0.62 %,2026/04/24 02:59:53,290.00-226.00,245.62,244.97,-1.01%,"19.50                                                                    (FY:082-083, Q:2)",12.44,165.80,1.46,0.42                                                                    (FY:081-082),-1.27,0.7422,0.2013,0.4718
LBBL,Development Bank Limited,"36,236,781.62",487.00,-0.61 %,2026/04/24 02:59:29,646.30-376.50,480.74,490.70,25.06%,"15.75                                                                    (FY:082-083, Q:2)",30.92,196.98,2.47,,1.30,0.5904,0.1068,0.3486
AHPC,Hydro Power,"40,404,031.50",280.00,0.04 %,2026/04/24 02:59:54,334.00-250.10,282.21,282.98,4.42%,"4.95                                                                    (FY:082-083, Q:2)",56.57,114.90,2.44,0.26                                                                    (FY:081-082),-0.78,0.6436,0.0961,0.3698
MDB,Development Bank Limited,"12,171,000.00",593.00,-0.84 %,2026/04/24 02:59:43,729.70-530.50,607.29,628.82,-4.18%,"10.54                                                                    (FY:082-083, Q:3)",56.26,139.36,4.26,10.00                                                                    (FY:081-082),-2.35,0.6862,0.0612,0.3737
ALICL,Life Insurance,"52,512,171.70",458.00,0 %,2026/04/24 02:58:04,759.00-430.00,468.42,468.61,-36.68%,"10.04                                                                    (FY:082-083, Q:2)",45.62,127.37,3.60,5.53                                                                    (FY:081-082),-2.22,0.9149,0.0731,0.4940
HLI,Life Insurance,"91,432,373.10",348.40,-0.2 %,2026/04/24 02:59:58,464.00-343.20,372.64,370.78,-17.12%,"4.54                                                                    (FY:082-083, Q:2)",76.74,106.91,3.26,8.00                                                                    (FY:080-081),-6.50,0.9570,0.0718,0.5144
NMLBBL,Microfinance,"13,977,642.72",613.90,-0.02 %,2026/04/24 02:59:57,807.00-600.00,640.32,636.96,-5.58%,"11.18                                                                    (FY:082-083, Q:2)",54.91,212.76,2.89,,-4.13,0.9329,0.0838,0.5083
ADBL,Commercial Banks,"143,055,190.90",313.00,0.32 %,2026/04/24 02:59:58,344.90-272.30,306.88,307.30,10.43%,"5.33                                                                    (FY:082-083, Q:2)",58.72,224.37,1.40,9.75                                                                    (FY:081-082),1.99,0.4394,0.1565,0.2979
MLBL,Development Bank Limited,"45,112,810.70",369.80,-0.05 %,2026/04/24 02:59:57,468.60-348.90,378.24,377.00,-3.05%,"13.56                                                                    (FY:082-083, Q:2)",27.27,162.36,2.28,5.37                                                                    (FY:081-082),-2.23,0.8254,0.1171,0.4713
SJLIC,Life Insurance,"50,119,477.97",432.00,-0.69 %,2026/04/24 02:59:55,489.90-390.00,448.69,448.58,-1.37%,"8.06                                                                    (FY:082-083, Q:2)",53.60,123.33,3.50,13.00                                                                    (FY:081-082),-3.72,0.5796,0.0721,0.3258
GBBL,Development Bank Limited,"60,213,483.67",407.00,-0.97 %,2026/04/24 02:59:26,498.00-367.40,397.79,405.58,2.73%,"21.10                                                                    (FY:082-083, Q:2)",19.29,159.59,2.55,4.53                                                                    (FY:081-082),2.32,0.6968,0.1199,0.4083
JBBL,Development Bank Limited,"43,957,858.86",372.00,1.64 %,2026/04/24 02:59:26,413.00-295.00,340.34,351.96,13.49%,"19.09                                                                    (FY:082-083, Q:3)",19.49,163.43,2.28,,9.30,0.3475,0.1288,0.2381
CORBL,Development Bank Limited,"5,250,000.00","2,407.00",12.62 %,2026/04/24 02:59:59,"2,734.60-1,431.00","1,745.88","1,776.41",11.78%,"4.93                                                                    (FY:082-083, Q:2)",488.24,135.79,17.73,,0,0,0,0.0000
KSBBL,Development Bank Limited,"38,619,308.20",478.00,-0.31 %,2026/04/24 02:59:59,588.00-404.10,456.47,471.13,8.52%,"20.32                                                                    (FY:082-083, Q:3)",23.52,163.57,2.92,5.79                                                                    (FY:081-082),4.72,0.5982,0.1025,0.3503
MPFL,Finance,"6,102,000.00",624.00,0.02 %,2026/04/24 02:59:42,744.00-491.00,612.86,651.04,2.56%,"2.57                                                                    (FY:082-083, Q:2)",242.80,118.58,5.26,,1.82,0.4743,0.0413,0.2578
SADBL,Development Bank Limited,"37,340,685.06",414.00,-0.36 %,2026/04/24 02:59:54,526.50-376.00,412.85,421.29,4.85%,"16.21                                                                    (FY:082-083, Q:2)",25.54,153.24,2.70,5.36                                                                    (FY:081-082),0.28,0.7475,0.1054,0.4264
SHINE,Development Bank Limited,"50,219,727.30",402.10,-1.23 %,2026/04/24 02:59:46,499.00-382.00,408.80,412.12,-0.91%,"16.10                                                                    (FY:082-083, Q:2)",24.98,146.60,2.74,10.00                                                                    (FY:081-082),-1.64,0.8282,0.1050,0.4666
MNBBL,Development Bank Limited,"80,003,890.00",375.00,0 %,2026/04/24 02:59:49,503.00-340.10,365.22,372.19,5.22%,"16.80                                                                    (FY:082-083, Q:2)",22.32,151.35,2.48,4.67                                                                    (FY:081-082),2.68,0.7858,0.1165,0.4512
FMDBL,Microfinance,"13,448,713.23",800.30,-1.19 %,2026/04/24 02:59:03,"1,038.80-718.00",820.29,816.44,6.82%,"10.47                                                                    (FY:082-083, Q:2)",76.44,128.31,6.24,6.50                                                                    (FY:081-082),-2.44,0,0.0425,0.0213
MFIL,Finance,"13,515,528.50",774.00,-0.39 %,2026/04/24 02:59:58,938.00-545.00,737.97,808.21,32.19%,"21.60                                                                    (FY:082-083, Q:3)",35.83,182.20,4.25,15.00                                                                    (FY:081-082),4.88,0.4173,0.0694,0.2434
NBL,Commercial Banks,"146,940,229.28",274.00,1.48 %,2026/04/24 02:59:58,313.00-225.40,251.97,257.36,8.76%,"17.76                                                                    (FY:082-083, Q:2)",15.43,262.43,1.04,10.00                                                                    (FY:078-079),8.74,0.4452,0.2442,0.3447
SLBBL,Microfinance,"8,956,336.30",810.00,-1.22 %,2026/04/24 02:59:28,"1,155.00-780.00",858.21,842.21,-3.35%,"28.47                                                                    (FY:082-083, Q:2)",28.45,164.46,4.93,0.75                                                                    (FY:081-082),-5.62,0,0.0687,0.0343
NLG,Non-Life Insurance,"26,678,334.10",608.00,-1.78 %,2026/04/24 02:59:54,976.20-601.20,683.89,674.12,-28.43%,"0.83                                                                    (FY:082-083, Q:2)",732.53,171.30,3.55,3.37                                                                    (FY:081-082),-11.10,0.9819,0.0574,0.5196
SINDU,Development Bank Limited,"5,574,560.70",735.00,-1.21 %,2026/04/24 02:59:51,"1,080.00-608.00",753.29,773.16,-26.35%,"-5.55                                                                    (FY:082-083, Q:2)",-132.43,94.19,7.80,,-2.43,0,0.0196,0.0098
SKBBL,Microfinance,"49,271,700.80",768.90,-0.4 %,2026/04/24 02:59:07,999.00-750.00,809.72,778.03,-2.70%,"15.46                                                                    (FY:082-083, Q:2)",49.73,216.48,3.55,0.75                                                                    (FY:081-082),-5.04,0.9241,0.0724,0.4983
GBLBS,Microfinance,"10,053,500.00",762.00,-0.77 %,2026/04/24 02:59:41,950.00-698.00,782.50,781.09,-5.35%,"43.75                                                                    (FY:082-083, Q:2)",17.42,278.07,2.74,,-2.62,0.7460,0.1189,0.4325
RLFL,Finance,"11,214,520.00",430.00,-2.03 %,2026/04/24 02:59:49,558.00-398.00,445.74,455.42,-15.01%,"0.31                                                                    (FY:082-083, Q:2)","1,387.10",112.03,3.84,,-3.53,0.8000,0,0.4000
SHPC,Hydro Power,"37,379,937.10",520.00,0 %,2026/04/24 02:59:53,684.90-475.00,531.47,540.03,1.28%,"6.72                                                                    (FY:082-083, Q:2)",77.38,169.00,3.08,,-2.16,0.7856,0.0753,0.4304
KMCDB,Microfinance,"4,484,615.35",915.00,2.45 %,2026/04/24 02:57:23,"1,223.00-861.00",982.68,950.66,-10.60%,"26.09                                                                    (FY:082-083, Q:2)",35.07,164.70,5.56,0.53                                                                    (FY:081-082),-6.89,0,0.0588,0.0294
MLBBL,Microfinance,"2,558,436.20","1,245.00",-0.4 %,2026/04/24 02:59:48,"1,690.00-1,212.50","1,398.27","1,345.75",-15.28%,"41.33                                                                    (FY:082-083, Q:2)",30.12,208.23,5.98,0.75                                                                    (FY:081-082),0,0,0,0.0000
RIDI,Hydro Power,"23,233,518.00",362.00,1.26 %,2026/04/24 02:59:55,393.00-203.50,275.22,303.46,62.24%,"3.25                                                                    (FY:082-083, Q:2)",111.38,101.62,3.56,,31.53,0.1636,0.0634,0.1135
LLBS,Microfinance,"4,416,621.00",964.00,-0.41 %,2026/04/24 02:59:52,"1,300.50-865.00",979.56,983.13,-8.81%,"15.31                                                                    (FY:082-083, Q:2)",62.97,187.67,5.14,,-1.59,0,0.0516,0.0258
BARUN,Hydro Power,"11,225,324.30",346.00,0 %,2026/04/24 02:59:59,589.00-292.10,345.92,354.92,-39.93%,"3.87                                                                    (FY:082-083, Q:2)",89.41,112.81,3.07,0.25                                                                    (FY:081-082),0.02,0.8185,0.0741,0.4463
VLBS,Microfinance,"7,450,403.59",735.00,-0.68 %,2026/04/24 02:59:55,"1,008.00-721.30",774.39,771.26,-9.93%,"-0.45                                                                    (FY:082-083, Q:2)","-1,633.33",165.41,4.44,,-5.09,0,0,0.0000
HLBSL,Microfinance,"3,410,860.36",900.00,-0.77 %,2026/04/24 02:59:41,"1,100.00-837.00",919.10,921.98,-4.85%,"26.24                                                                    (FY:082-083, Q:2)",34.30,167.35,5.38,0.35                                                                    (FY:081-082),-2.08,0,0.0605,0.0302
MATRI,Microfinance,"6,283,573.37",930.00,-1.06 %,2026/04/24 02:59:30,"1,347.00-904.00",975.28,977.25,-21.06%,"11.25                                                                    (FY:082-083, Q:2)",82.67,119.90,7.76,,-4.64,0,0.0355,0.0177
JSLBB,Microfinance,"1,700,919.00","1,117.00",0.89 %,2026/04/24 02:59:58,"1,499.30-1,059.00","1,170.57","1,165.57",-20.41%,"11.80                                                                    (FY:082-083, Q:2)",94.66,170.87,6.54,,0,0,0,0.0000
API,Hydro Power,"63,797,242.00",339.90,0 %,2026/04/24 02:59:51,368.90-258.80,306.64,319.46,20.95%,"13.36                                                                    (FY:082-083, Q:2)",25.44,116.75,2.91,0.26                                                                    (FY:081-082),10.85,0.2634,0.1002,0.1818
NMBMF,Microfinance,"7,214,491.49",652.00,-1.2 %,2026/04/24 02:57:21,835.00-596.00,680.99,680.61,-8.20%,"9.67                                                                    (FY:082-083, Q:2)",67.43,140.61,4.64,,-4.26,0.7657,0.0550,0.4104
GILB,Microfinance,"6,482,977.97","1,114.00",-0.27 %,2026/04/24 02:59:50,"1,441.60-1,100.00","1,189.08","1,162.20",-9.81%,"32.67                                                                    (FY:082-083, Q:2)",34.10,197.29,5.65,0.25                                                                    (FY:081-082),0,0,0,0.0000
SWMF,Microfinance,"11,062,862.96",666.00,-0.4 %,2026/04/24 02:59:25,868.10-641.10,684.26,683.69,-7.34%,"21.18                                                                    (FY:082-083, Q:2)",31.44,146.33,4.55,,-2.67,0.8903,0.0694,0.4798
MERO,Microfinance,"14,864,025.00",726.00,-0.7 %,2026/04/24 02:59:52,"1,000.00-668.00",750.77,745.97,3.74%,"13.26                                                                    (FY:082-083, Q:2)",54.75,153.25,4.74,0.25                                                                    (FY:081-082),-3.30,0,0.0568,0.0284
HIDCL,Investment,"249,282,110.00",270.80,0.04 %,2026/04/24 02:59:54,340.00-245.00,270.07,271.53,-14.23%,"3.23                                                                    (FY:082-083, Q:2)",83.84,112.02,2.42,2.00                                                                    (FY:081-082),0.27,0.7284,0.0922,0.4103
NGPL,Hydro Power,"38,784,300.00",445.00,0.02 %,2026/04/24 02:59:59,502.00-343.00,418.61,436.29,30.70%,"1.86                                                                    (FY:082-083, Q:2)",239.25,155.18,2.87,0.25                                                                    (FY:081-082),6.30,0.3585,0.0730,0.2157
GRDBL,Development Bank Limited,"6,155,000.00","1,047.00",-0.95 %,2026/04/24 02:59:57,"1,668.40-944.00","1,110.14","1,115.92",-19.09%,"3.58                                                                    (FY:082-083, Q:2)",292.46,112.86,9.28,0.42                                                                    (FY:081-082),0,0,0,0.0000
NMFBS,Microfinance,"15,213,630.00","1,098.20",-0.18 %,2026/04/24 02:59:36,"1,504.00-1,086.00","1,202.19","1,155.54",-8.89%,"48.21                                                                    (FY:082-083, Q:2)",22.78,245.37,4.48,0.75                                                                    (FY:081-082),0,0,0,0.0000
RSDC,Microfinance,"10,340,644.17",674.00,0.3 %,2026/04/24 02:59:54,880.00-578.70,658.82,673.01,0.90%,"8.46                                                                    (FY:082-083, Q:3)",79.67,124.07,5.43,8.00                                                                    (FY:081-082),2.30,0.6837,0.0469,0.3653
KKHC,Hydro Power,"9,314,286.00",272.00,0.37 %,2026/04/24 02:59:56,475.90-208.00,256.35,264.46,-21.38%,"-1.49                                                                    (FY:082-083, Q:2)",-182.55,89.12,3.05,,6.10,0.7611,0.0612,0.4112
DHPL,Hydro Power,"2,640,000.00",300.10,-2.25 %,2026/04/24 02:59:30,392.00-265.00,303.53,308.29,-16.09%,"7.51                                                                    (FY:082-083, Q:2)",39.96,6.62,45.33,,-1.13,0.7236,0.0244,0.3740
AKPL,Hydro Power,"38,959,421.00",268.00,0 %,2026/04/24 02:59:56,317.00-227.00,261.42,271.32,18.04%,"7.93                                                                    (FY:082-083, Q:2)",33.80,103.69,2.58,0.53                                                                    (FY:078-079),2.52,0.5444,0.1012,0.3228
FOWAD,Microfinance,"11,959,537.10","1,115.00",1.82 %,2026/04/24 02:59:58,"1,324.40-1,012.40","1,098.71","1,100.05",-1.06%,"31.98                                                                    (FY:082-083, Q:2)",34.87,234.69,4.75,,0,0,0,0.0000
SPDL,Hydro Power,"13,308,487.50",407.70,1.67 %,2026/04/24 02:59:57,474.00-341.20,413.77,412.12,17.70%,"8.35                                                                    (FY:082-083, Q:2)",48.83,116.93,3.49,0.53                                                                    (FY:081-082),-1.47,0.4992,0.0737,0.2864
UMHL,Hydro Power,"13,166,350.00",589.90,0.67 %,2026/04/24 02:59:59,706.00-475.00,591.80,615.97,24.18%,"5.74                                                                    (FY:082-083, Q:2)",102.77,109.97,5.36,0.37                                                                    (FY:081-082),-0.32,0.5026,0.0451,0.2739
SMATA,Microfinance,"6,605,041.40",772.00,-0.77 %,2026/04/24 02:59:34,"1,382.00-734.10",805.27,801.40,-3.73%,"17.12                                                                    (FY:082-083, Q:2)",45.09,135.74,5.69,0.26                                                                    (FY:081-082),-4.13,0,0.0529,0.0265
CHL,Hydro Power,"7,739,550.00",292.00,-0.03 %,2026/04/24 02:59:44,524.20-223.40,277.44,289.11,-38.34%,"6.03                                                                    (FY:082-083, Q:2)",48.42,85.59,3.41,0.26                                                                    (FY:076-077),5.25,0.7719,0.0752,0.4236
HPPL,Hydro Power,"15,981,255.00",382.00,-2.3 %,2026/04/24 02:59:58,660.00-360.00,465.58,455.13,-33.48%,"13.40                                                                    (FY:082-083, Q:2)",28.51,117.35,3.26,,-17.95,0.9267,0.0894,0.5081
MSLB,Microfinance,"3,874,948.66","1,269.00",0.71 %,2026/04/24 02:59:57,"1,710.00-1,130.20","1,349.72","1,319.00",3.82%,"36.14                                                                    (FY:082-083, Q:2)",35.11,196.86,6.45,0.25                                                                    (FY:081-082),0,0,0,0.0000
NHDL,Hydro Power,"4,231,340.00",645.00,1.42 %,2026/04/24 02:59:42,832.00-620.00,675.35,666.18,-18.14%,"21.15                                                                    (FY:082-083, Q:2)",30.50,121.76,5.30,0.47                                                                    (FY:081-082),-4.49,0.8821,0.0640,0.4730
SMB,Microfinance,"1,340,755.80","1,750.00",0 %,2026/04/24 02:59:52,"2,600.00-1,710.10","1,955.00","1,870.91",-25.87%,"47.37                                                                    (FY:082-083, Q:2)",36.94,181.29,9.65,0.50                                                                    (FY:081-082),0,0,0,0.0000
USLB,Microfinance,"2,468,657.36","1,330.00",-0.37 %,2026/04/24 02:57:01,"2,750.00-1,300.10","1,562.10","1,453.20",-27.76%,"17.04                                                                    (FY:082-083, Q:2)",78.05,159.37,8.35,,0,0,0,0.0000
RADHI,Hydro Power,"18,389,793.17",790.00,0.13 %,2026/04/24 02:59:58,940.00-614.00,799.24,831.55,28.13%,"32.46                                                                    (FY:082-083, Q:2)",24.34,171.02,4.62,0.25                                                                    (FY:080-081),-1.16,0.4601,0.0762,0.2681
WNLB,Microfinance,"843,405.50","1,500.00",-0.92 %,2026/04/24 02:58:43,"2,996.70-1,242.10","1,707.92","1,552.11",-50.95%,"-20.94                                                                    (FY:082-083, Q:2)",-71.63,127.25,11.79,,0,0,0,0.0000
NADEP,Microfinance,"4,857,600.00",766.00,0.79 %,2026/04/24 02:59:18,"1,046.00-696.00",786.01,796.22,-8.26%,"15.52                                                                    (FY:082-083, Q:2)",49.36,157.36,4.87,,-2.55,0,0.0573,0.0286
PMHPL,Hydro Power,"11,000,000.00",340.00,-0.53 %,2026/04/24 02:59:59,468.00-283.50,343.77,352.31,7.81%,"15.26                                                                    (FY:082-083, Q:2)",22.28,84.95,4.00,,-1.10,0.6938,0.0859,0.3898
KPCL,Hydro Power,"9,993,259.65",495.90,-0.02 %,2026/04/24 02:59:45,711.00-478.10,541.95,534.22,-7.17%,"15.02                                                                    (FY:082-083, Q:2)",33.02,113.65,4.36,0.37                                                                    (FY:081-082),-8.50,0.9236,0.0701,0.4969
AKJCL,Hydro Power,"20,000,000.00",389.90,-0.79 %,2026/04/24 02:59:59,431.80-172.90,281.24,334.92,90.87%,"2.56                                                                    (FY:082-083, Q:3)",152.30,92.42,4.22,,38.64,0.1618,0.0526,0.1072
JOSHI,Hydro Power,"6,128,100.00",286.90,0.67 %,2026/04/24 02:59:59,487.00-254.00,303.80,297.85,-23.54%,"-7.17                                                                    (FY:082-083, Q:2)",-40.01,67.88,4.23,,-5.56,0.8588,0.0273,0.4430
ACLBSL,Microfinance,"3,671,434.09",974.00,0.94 %,2026/04/24 02:55:12,"1,240.00-900.00",981.16,978.82,-7.65%,"32.57                                                                    (FY:082-083, Q:2)",29.90,169.98,5.73,,-0.73,0,0.0617,0.0308
UPPER,Hydro Power,"211,800,000.00",207.50,-0.48 %,2026/04/24 02:59:57,242.60-166.00,190.69,198.54,5.23%,"9.41                                                                    (FY:082-083, Q:2)",22.05,50.04,4.15,,8.82,0.4582,0.0845,0.2713
SLBSL,Microfinance,"1,708,050.00","1,273.00",1.84 %,2026/04/24 02:59:45,"1,694.90-1,202.70","1,330.12","1,333.99",-24.34%,"39.01                                                                    (FY:082-083, Q:2)",32.63,97.12,13.11,,0,0,0,0.0000
GHL,Hydro Power,"16,500,000.00",242.00,0.46 %,2026/04/24 02:59:58,290.00-197.10,231.58,242.17,-9.20%,"-2.06                                                                    (FY:082-083, Q:2)",-117.48,95.65,2.53,,4.50,0.5167,0.0722,0.2945
ALBSL,Microfinance,"8,026,856.80","1,129.00",-0.78 %,2026/04/24 02:59:57,"1,334.00-771.00","1,128.92","1,168.15",39.67%,"31.29                                                                    (FY:082-083, Q:2)",36.08,158.08,7.14,0.50                                                                    (FY:081-082),0,0,0,0.0000
SHIVM,Manufacturing And Processing,"55,932,287.13",669.70,-0.49 %,2026/04/24 02:59:56,730.00-495.00,624.71,645.09,23.66%,"12.77                                                                    (FY:082-083, Q:2)",52.44,180.38,3.71,10.00                                                                    (FY:081-082),7.20,0.2566,0.0692,0.1629
UPCL,Hydro Power,"24,851,236.18",378.00,-1.05 %,2026/04/24 02:59:56,489.00-343.10,377.90,382.79,5.87%,"6.74                                                                    (FY:082-083, Q:2)",56.08,106.07,3.56,0.47                                                                    (FY:081-082),0.03,0.7608,0.0704,0.4156
MHNL,Hydro Power,"12,500,000.00",270.00,-0.7 %,2026/04/24 02:59:58,324.00-226.00,263.90,273.08,-0.18%,"1.14                                                                    (FY:082-083, Q:2)",236.84,31.16,8.66,,2.31,0.5510,0.0265,0.2888
PPCL,Hydro Power,"9,625,000.00",383.00,-0.34 %,2026/04/24 02:59:44,462.00-284.10,365.03,386.02,10.46%,"18.80                                                                    (FY:082-083, Q:2)",20.37,99.20,3.86,,4.92,0.4441,0.0911,0.2676
GMFBS,Microfinance,"1,515,545.32","1,380.00",2.22 %,2026/04/24 02:59:56,"1,871.00-1,280.00","1,483.30","1,451.75",-13.03%,"-4.71                                                                    (FY:082-083, Q:2)",-292.99,185.26,7.45,1.00                                                                    (FY:077-078),0,0,0,0.0000
HURJA,Hydro Power,"19,800,000.00",262.00,-0.91 %,2026/04/24 02:59:52,312.10-204.60,248.16,262.09,8.90%,"10.56                                                                    (FY:082-083, Q:2)",24.81,95.84,2.73,,5.58,0.4660,0.1055,0.2858
GLBSL,Microfinance,"1,323,580.54","1,793.00",-1.16 %,2026/04/24 02:59:31,"3,097.00-1,705.20","1,962.67","1,934.38",-37.24%,"40.62                                                                    (FY:082-083, Q:3)",44.14,168.91,10.62,0.75                                                                    (FY:081-082),0,0,0,0.0000
SMFBS,Microfinance,"1,534,455.09","1,680.00",-1.06 %,2026/04/24 02:28:57,"2,026.00-1,490.00","1,688.01","1,686.09",-7.35%,"38.11                                                                    (FY:082-083, Q:2)",44.08,206.18,8.15,0.50                                                                    (FY:081-082),0,0,0,0.0000
UNHPL,Hydro Power,"7,500,000.00",487.00,-1.89 %,2026/04/24 02:59:57,571.00-314.40,501.46,498.50,45.86%,"7.03                                                                    (FY:082-083, Q:2)",69.27,104.17,4.68,,-2.88,0.3274,0.0543,0.1909
ILBS,Microfinance,"4,974,159.42",957.00,0.53 %,2026/04/24 02:55:52,"1,311.00-795.20","1,023.17",984.18,6.21%,"24.07                                                                    (FY:082-083, Q:2)",39.76,136.88,6.99,1.46                                                                    (FY:077-078),0,0,0.0487,0.0244
RHPL,Hydro Power,"68,421,000.00",280.40,-0.46 %,2026/04/24 02:59:51,457.00-252.30,282.37,289.27,-28.75%,"-31.61                                                                    (FY:082-083, Q:2)",-8.87,72.34,3.88,,-0.70,0.8627,-0.0386,0.4121
SJCL,Hydro Power,"36,500,000.00",306.00,-0.65 %,2026/04/24 02:59:55,365.00-267.00,300.10,307.90,-6.35%,"5.95                                                                    (FY:082-083, Q:2)",51.43,84.49,3.62,,1.97,0.6020,0.0708,0.3364
SAPDBL,Development Bank Limited,"8,343,384.32",803.00,-2.07 %,2026/04/24 02:59:59,"1,284.00-686.00",846.90,865.10,-26.31%,"6.43                                                                    (FY:082-083, Q:2)",124.88,75.96,10.57,5.04                                                                    (FY:074-075),-5.18,0,0.0253,0.0126
HDHPC,Hydro Power,"28,000,000.00",229.80,-0.3 %,2026/04/24 02:59:54,274.00-162.00,200.02,213.05,15.33%,"-4.32                                                                    (FY:082-083, Q:2)",-53.19,75.21,3.06,,14.89,0.3946,0.0503,0.2225
NRIC,Others,"134,221,870.78",917.00,-2.56 %,2026/04/24 02:59:56,"1,842.00-887.00","1,247.33","1,205.66",-28.20%,"7.71                                                                    (FY:081-082, Q:4)",118.94,152.94,6.00,,0,0,0.0401,0.0200
NICLBSL,Microfinance,"17,394,400.00",585.00,0.17 %,2026/04/24 02:59:57,764.00-535.00,573.85,582.41,-8.23%,"8.20                                                                    (FY:082-083, Q:3)",71.34,127.35,4.59,,1.94,0.7817,0.0548,0.4182
SMPDA,Microfinance,"7,008,583.45",853.00,-0.23 %,2026/04/24 02:55:12,"1,155.00-821.00",892.74,882.51,-9.99%,"24.55                                                                    (FY:082-083, Q:2)",34.75,158.15,5.39,,-4.45,0,0.0601,0.0301
NRN,Investment,"17,981,212.00","1,490.00",-0.33 %,2026/04/24 02:59:44,"2,444.00-1,327.00","1,603.93","1,531.98",-25.63%,"-0.59                                                                    (FY:082-083, Q:2)","-2,525.42",174.49,8.54,2.11                                                                    (FY:081-082),0,0,0,0.0000
LEC,Hydro Power,"22,500,000.00",232.00,0.43 %,2026/04/24 02:59:59,276.00-180.00,215.61,226.80,10.08%,"-0.78                                                                    (FY:082-083, Q:2)",-297.44,69.32,3.35,,7.60,0.4583,0.0570,0.2576
SSHL,Hydro Power,"29,528,000.00",219.40,0.41 %,2026/04/24 02:59:56,313.80-151.00,187.38,199.80,-4.91%,"-1.56                                                                    (FY:082-083, Q:2)",-140.64,56.69,3.87,,17.09,0.5799,0.0460,0.3130
SGIC,Non-Life Insurance,"21,500,000.00",479.80,1.31 %,2026/04/24 02:59:32,632.00-439.00,481.67,487.93,-14.76%,"-8.92                                                                    (FY:082-083, Q:2)",-53.79,145.61,3.30,0.26                                                                    (FY:081-082),-0.39,0.7886,0.0457,0.4171
MEN,Hydro Power,"31,232,588.50",587.00,-0.15 %,2026/04/24 02:59:00,683.40-535.00,599.73,593.38,2.89%,"34.67                                                                    (FY:082-083, Q:2)",16.93,142.68,4.11,1.05                                                                    (FY:081-082),-2.12,0.6496,0.0959,0.3727
UMRH,Hydro Power,"4,838,652.00",535.10,-0.91 %,2026/04/24 02:57:32,675.00-512.00,558.69,559.00,-10.41%,"19.94                                                                    (FY:082-083, Q:2)",26.84,115.45,4.63,0.26                                                                    (FY:081-082),-4.22,0.8583,0.0730,0.4656
PMLI,Life Insurance,"53,077,939.20",471.00,-0.82 %,2026/04/24 02:59:45,589.60-445.00,495.90,497.94,-14.74%,"5.02                                                                    (FY:082-083, Q:2)",93.82,113.02,4.17,4.42                                                                    (FY:081-082),-5.02,0.8202,0.0565,0.4384
CGH,Hotels And Tourism,"16,107,956.00",813.00,-0.37 %,2026/04/24 02:56:11,"1,150.00-798.00",861.98,851.76,-5.72%,"-5.84                                                                    (FY:082-083, Q:2)",-139.21,102.87,7.90,0.26                                                                    (FY:081-082),-5.68,0,0.0196,0.0098
NIFRA,Investment,"216,000,000.00",269.90,1.47 %,2026/04/24 02:58:01,328.10-249.90,269.88,269.43,-8.59%,"3.97                                                                    (FY:082-083, Q:3)",67.98,115.84,2.33,6.32                                                                    (FY:081-082),0.01,0.7442,0.0976,0.4209
GLH,Hydro Power,"18,000,000.00",267.20,-0.6 %,2026/04/24 02:59:44,328.20-227.40,266.38,273.01,-1.59%,"2.09                                                                    (FY:082-083, Q:2)",127.85,110.77,2.41,,0.31,0.6052,0.0892,0.3472
MLBSL,Microfinance,"2,175,625.00","1,800.00",-0.34 %,2026/04/24 02:59:24,"2,435.50-1,765.00","1,942.99","1,904.40",-19.87%,"33.06                                                                    (FY:082-083, Q:2)",54.45,258.10,6.97,,0,0,0,0.0000
SHEL,Hydro Power,"30,450,000.00",314.00,-0.92 %,2026/04/24 02:59:57,361.00-250.60,299.77,306.67,25.21%,"12.93                                                                    (FY:082-083, Q:2)",24.28,114.57,2.74,,4.75,0.4257,0.1059,0.2658
RURU,Hydro Power,"6,240,544.20",657.10,-0.62 %,2026/04/24 02:56:48,853.00-631.00,697.81,672.58,-7.80%,"16.90                                                                    (FY:082-083, Q:2)",38.88,141.30,4.65,5.79                                                                    (FY:081-082),-5.83,0.8824,0.0636,0.4730
CHDC,Investment,"10,342,370.61","2,300.00",-0.43 %,2026/04/24 02:59:47,"2,997.90-1,990.00","2,375.43","2,421.54",-11.55%,"61.03                                                                    (FY:082-083, Q:2)",37.69,240.87,9.55,0.58                                                                    (FY:078-079),0,0,0,0.0000
JBLB,Microfinance,"17,512,355.70","1,273.00",-0.21 %,2026/04/24 02:59:39,"1,644.00-1,219.90","1,384.90","1,340.95",-2.76%,"44.43                                                                    (FY:082-083, Q:2)",28.65,255.40,4.98,0.74                                                                    (FY:081-082),0,0,0,0.0000
SRLI,Life Insurance,"50,149,240.56",390.50,-0.64 %,2026/04/24 02:59:36,451.10-363.90,398.49,399.02,-5.35%,"11.01                                                                    (FY:082-083, Q:2)",35.47,108.26,3.61,10.18                                                                    (FY:081-082),-2.01,0.6950,0.0780,0.3865
MKJC,Hydro Power,"3,763,198.00",505.00,-0.59 %,2026/04/24 02:59:58,635.00-475.50,533.62,528.39,-7.06%,"9.40                                                                    (FY:082-083, Q:2)",53.72,106.21,4.75,0.12                                                                    (FY:079-080),-5.36,0.8150,0.0570,0.4360
MLBS,Microfinance,"1,093,750.00","1,341.00",-1.4 %,2026/04/24 02:59:59,"1,900.00-1,340.00","1,476.09","1,448.21",-20.79%,"16.22                                                                    (FY:082-083, Q:2)",82.68,137.81,9.73,,0,0,0,0.0000
SAHAS,Hydro Power,"45,738,000.00",610.10,-0.8 %,2026/04/24 02:59:55,705.00-495.00,592.27,586.58,22.13%,"39.57                                                                    (FY:082-083, Q:2)",15.42,170.72,3.57,1.11                                                                    (FY:081-082),3.01,0.4519,0.1079,0.2799
TPC,Hydro Power,"8,000,000.00",373.00,-0.27 %,2026/04/24 02:59:21,616.00-270.10,370.15,389.52,-36.62%,"16.54                                                                    (FY:082-083, Q:2)",22.55,100.85,3.70,,0.77,0.7025,0.0895,0.3960
SPC,Hydro Power,"5,000,000.00",467.90,-0.45 %,2026/04/24 02:58:37,591.00-441.00,500.84,511.75,-14.55%,"-1.98                                                                    (FY:082-083, Q:2)",-236.31,105.93,4.42,,-6.58,0.8207,0.0419,0.4313
NYADI,Hydro Power,"15,000,000.00",395.60,-1.17 %,2026/04/24 02:59:48,579.90-354.00,403.54,409.49,-27.57%,"15.46                                                                    (FY:082-083, Q:2)",25.59,73.84,5.36,,-1.97,0.8158,0.0686,0.4422
MBJC,Hydro Power,"60,000,000.00",291.50,-0.03 %,2026/04/24 02:59:32,371.00-270.00,290.62,295.53,-14.01%,"2.04                                                                    (FY:082-083, Q:2)",142.89,94.44,3.09,,0.30,0.7871,0.0703,0.4287
BNHC,Hydro Power,"8,000,000.00",329.00,-2.66 %,2026/04/24 02:59:43,613.80-313.10,423.69,416.79,-37.35%,"5.12                                                                    (FY:082-083, Q:2)",64.26,91.79,3.58,,-22.35,0.9471,0.0683,0.5077
ENL,Investment,"5,556,000.00",898.00,-0.22 %,2026/04/24 02:59:58,"1,233.00-852.60",917.48,922.13,-25.78%,"6.15                                                                    (FY:082-083, Q:2)",146.02,110.46,8.13,5.26                                                                    (FY:081-082),-2.12,0,0.0301,0.0150
NESDO,Microfinance,"2,913,375.00","1,538.00",-0.77 %,2026/04/24 02:59:57,"1,879.00-1,380.10","1,533.17","1,551.26",-11.11%,"63.99                                                                    (FY:082-083, Q:2)",24.04,269.94,5.70,,0,0,0,0.0000
GVL,Hydro Power,"34,375,000.00",500.00,0.4 %,2026/04/24 02:59:10,662.00-424.00,510.21,502.16,12.64%,"27.16                                                                    (FY:082-083, Q:2)",18.41,124.97,4.00,0.53                                                                    (FY:080-081),-2.00,0.6807,0.0935,0.3871
BHL,Hydro Power,"36,559,400.00",220.90,-0.05 %,2026/04/24 02:59:57,264.40-164.00,199.65,211.28,1.56%,"12.48                                                                    (FY:082-083, Q:2)",17.70,80.85,2.73,,10.64,0.4333,0.1185,0.2759
ULBSL,Microfinance,"1,061,482.00","3,054.90",-0.62 %,2026/04/24 02:58:05,"4,325.00-2,900.00","3,443.84","3,261.27",-3.11%,"27.06                                                                    (FY:082-083, Q:2)",112.89,275.33,11.10,,0,0,0,0.0000
CYCL,Microfinance,"2,664,243.90","1,492.00",-1.71 %,2026/04/24 02:49:00,"2,040.00-1,455.00","1,561.95","1,576.27",-6.32%,"27.99                                                                    (FY:082-083, Q:2)",53.30,268.72,5.55,0.67                                                                    (FY:081-082),0,0,0,0.0000
RFPL,Hydro Power,"14,000,000.00",373.00,0.3 %,2026/04/24 02:59:59,785.00-306.00,384.33,396.15,-40.14%,"4.62                                                                    (FY:082-083, Q:2)",80.74,119.39,3.12,,-2.95,0.8601,0.0740,0.4670
DORDI,Hydro Power,"21,085,208.00",279.00,0 %,2026/04/24 02:59:58,450.00-213.10,275.16,284.88,-22.65%,"0.69                                                                    (FY:082-083, Q:2)",404.35,105.22,2.65,,1.40,0.7218,0.0775,0.3997
BHDC,Hydro Power,"11,862,900.00",465.00,-0.43 %,2026/04/24 02:59:58,706.00-426.00,487.81,481.66,-15.01%,"18.89                                                                    (FY:082-083, Q:2)",24.62,121.91,3.81,0.26                                                                    (FY:081-082),-4.68,0.8607,0.0850,0.4728
HHL,Hydro Power,"10,950,000.00",388.00,0.52 %,2026/04/24 02:59:44,499.10-310.70,346.01,352.63,-16.46%,"10.78                                                                    (FY:082-083, Q:2)",35.99,83.35,4.66,,12.14,0.5897,0.0651,0.3274
UHEWA,Hydro Power,"5,750,000.00",573.00,0.35 %,2026/04/24 02:59:27,669.00-508.50,581.89,578.46,-10.94%,"25.92                                                                    (FY:082-083, Q:2)",22.11,127.59,4.49,0.79                                                                    (FY:081-082),-1.53,0.5981,0.0807,0.3394
SGHC,Hydro Power,"15,930,000.00",380.10,-0.5 %,2026/04/24 02:59:49,519.00-296.00,397.70,406.17,-24.14%,"20.00                                                                    (FY:082-083, Q:2)",19.01,82.53,4.61,,-4.43,0.6229,0.0855,0.3542
MHL,Hydro Power,"6,467,670.85",506.90,0.4 %,2026/04/24 02:59:48,704.60-445.00,507.26,521.15,-25.21%,"11.14                                                                    (FY:082-083, Q:2)",45.50,112.66,4.50,,-0.07,0.7616,0.0620,0.4118
USHEC,Hydro Power,"13,500,000.00",482.00,0 %,2026/04/24 02:55:16,580.20-410.00,479.83,484.90,-6.92%,"28.69                                                                    (FY:082-083, Q:2)",16.80,118.12,4.08,,0.45,0.5770,0.0966,0.3368
RHGCL,Hydro Power,"12,255,876.00",300.00,0 %,2026/04/24 02:59:58,601.00-217.20,275.97,288.53,-40.87%,"0.02                                                                    (FY:082-083, Q:2)","15,000.00",95.75,3.13,,8.71,0.7843,0,0.3921
AVYAN,Microfinance,"2,500,000.00","1,089.70",-0.94 %,2026/04/24 02:59:45,"1,366.00-906.00","1,020.90","1,043.49",5.39%,"61.89                                                                    (FY:082-083, Q:2)",17.61,149.39,7.29,,0,0,0,0.0000
SPHL,Hydro Power,"3,000,000.00",527.00,-0.17 %,2026/04/24 02:59:48,770.00-477.10,547.18,559.00,-27.50%,"10.58                                                                    (FY:082-083, Q:2)",49.81,96.13,5.48,,-3.69,0.8296,0.0526,0.4411
PPL,Hydro Power,"9,489,000.00",358.90,-0.31 %,2026/04/24 02:59:55,530.00-263.20,356.89,369.97,-29.76%,"-0.47                                                                    (FY:082-083, Q:2)",-763.62,104.65,3.43,,0.56,0.6413,0.0573,0.3493
DLBS,Microfinance,"1,331,000.00","1,300.00",-0.69 %,2026/04/24 02:59:57,"1,684.00-1,240.00","1,343.05","1,339.07",-14.58%,"18.38                                                                    (FY:082-083, Q:2)",70.73,179.13,7.26,,0,0,0,0.0000
SIKLES,Hydro Power,"9,775,000.00",599.90,-0.18 %,2026/04/24 02:59:58,"1,177.00-540.00",618.67,618.21,-42.80%,"21.68                                                                    (FY:082-083, Q:2)",27.67,110.94,5.41,0.79                                                                    (FY:081-082),-3.03,0,0.0659,0.0330
EHPL,Hydro Power,"6,200,000.00",390.00,-2.99 %,2026/04/24 02:59:58,685.00-385.00,423.66,420.35,-41.05%,"9.91                                                                    (FY:082-083, Q:2)",39.35,77.86,5.01,,-7.95,0.9833,0.0602,0.5217
SHLB,Microfinance,"1,093,750.00","1,505.00",1.01 %,2026/04/24 02:59:10,"2,172.00-1,454.00","1,660.23","1,606.09",-28.28%,"-36.73                                                                    (FY:082-083, Q:2)",-40.97,240.02,6.27,,0,0,0,0.0000
PHCL,Hydro Power,"32,000,000.00",303.00,-0.59 %,2026/04/24 02:59:53,649.00-249.70,304.33,298.91,-47.13%,"0.16                                                                    (FY:082-083, Q:2)","1,893.75",100.19,3.02,,-0.44,0.8665,0,0.4333
BHPL,Hydro Power,"2,500,000.00",536.00,-0.37 %,2026/04/24 02:59:54,"1,308.40-503.10",591.87,563.85,-49.51%,"1.86                                                                    (FY:082-083, Q:2)",288.17,51.12,10.49,,-9.44,0,0.0218,0.0109
UNLB,Microfinance,"1,485,750.00","1,479.00",-0.54 %,2026/04/24 02:59:48,"2,480.00-1,407.00","1,866.05","1,808.72",-31.68%,"62.31                                                                    (FY:082-083, Q:2)",23.74,244.51,6.05,1.00                                                                    (FY:079-080),0,0,0,0.0000
SMHL,Hydro Power,"23,152,500.00",506.00,0.2 %,2026/04/24 02:59:52,"1,230.00-443.00",606.32,517.30,-49.07%,"17.79                                                                    (FY:082-083, Q:2)",28.44,115.01,4.40,0.26                                                                    (FY:081-082),-16.55,0,0.0736,0.0368
SPL,Hydro Power,"2,000,000.00",710.20,-1.5 %,2026/04/24 02:59:55,"1,035.00-670.40",830.92,786.07,-16.76%,"12.42                                                                    (FY:082-083, Q:2)",57.18,101.20,7.02,,-14.53,0,0.0425,0.0213
SMH,Hydro Power,"6,420,000.00",577.00,-1.87 %,2026/04/24 02:59:53,"1,024.80-571.00",715.89,684.59,-35.21%,"21.46                                                                    (FY:082-083, Q:2)",26.89,119.91,4.81,1.11                                                                    (FY:081-082),-19.40,0,0.0713,0.0357
MKHC,Hydro Power,"10,000,000.00",322.00,-1.23 %,2026/04/24 02:59:52,525.30-310.70,355.45,342.07,-35.05%,"8.76                                                                    (FY:082-083, Q:2)",36.76,64.61,4.98,,-9.41,0.9473,0.0619,0.5046
AHL,Hydro Power,"3,400,000.00",528.50,1.25 %,2026/04/24 02:59:58,726.00-461.10,562.55,539.13,-27.83%,"-17.00                                                                    (FY:082-083, Q:2)",-31.09,77.34,6.83,,-6.05,0.7456,0.0036,0.3746
KDL,Hotels And Tourism,"6,300,000.00",849.00,1.07 %,2026/04/24 02:59:27,"1,212.00-770.00",877.58,868.58,-22.39%,"3.81                                                                    (FY:082-083, Q:2)",222.83,106.97,7.94,0.26                                                                    (FY:081-082),-3.26,0,0.0288,0.0144
TAMOR,Hydro Power,"33,325,000.00",439.30,-0.39 %,2026/04/24 02:59:56,576.00-396.40,452.82,443.42,-15.23%,"10.86                                                                    (FY:082-083, Q:2)",40.45,115.57,3.80,,-2.99,0.7611,0.0724,0.4168
MHCL,Hydro Power,"8,025,000.00",351.00,-0.57 %,2026/04/24 02:59:56,530.00-325.00,385.70,378.24,-31.51%,"16.81                                                                    (FY:082-083, Q:2)",20.88,88.49,3.97,,-9.00,0.8732,0.0887,0.4809
SMJC,Hydro Power,"11,732,000.00",468.00,-0.38 %,2026/04/24 02:59:20,679.30-460.00,495.11,489.98,-14.31%,"3.85                                                                    (FY:082-083, Q:2)",121.56,107.73,4.34,0.25                                                                    (FY:080-081),-5.48,0.9635,0.0527,0.5081
ANLB,Microfinance,"895,071.97","6,282.00",0.74 %,2026/04/24 02:59:59,"6,989.00-5,055.20","6,250.83","6,272.41",15.97%,"68.18                                                                    (FY:082-083, Q:2)",92.14,387.75,16.20,0.75                                                                    (FY:081-082),0,0,0,0.0000
MAKAR,Hydro Power,"7,600,000.00",504.90,2 %,2026/04/24 02:59:41,755.30-455.00,545.36,536.89,-30.33%,"21.06                                                                    (FY:082-083, Q:2)",23.97,114.85,4.40,,-7.42,0.8338,0.0788,0.4563
MKHL,Hydro Power,"3,921,568.00",724.50,15 %,2026/04/24 02:59:56,"1,027.00-600.00",791.70,790.78,7.73%,"-3.24                                                                    (FY:082-083, Q:2)",-223.61,99.34,7.29,10.00                                                                    (FY:078-079),-8.49,0,0.0239,0.0120
DOLTI,Hydro Power,"5,364,860.00",382.00,-1.77 %,2026/04/24 02:59:57,651.00-378.70,508.62,501.65,-40.72%,"3.25                                                                    (FY:082-083, Q:2)",117.54,59.55,6.41,,-24.89,0.9879,0.0380,0.5130
BEDC,Hydro Power,"5,440,534.00",386.90,-2.05 %,2026/04/24 02:59:58,872.00-380.00,531.68,509.30,-49.46%,"1.08                                                                    (FY:082-083, Q:2)",358.24,48.52,7.97,,-27.23,0.9860,0.0273,0.5067
CITY,Hotels And Tourism,"30,132,000.00",455.00,0.02 %,2026/04/24 02:59:54,998.40-440.30,497.05,482.86,-46.04%,"-6.70                                                                    (FY:082-083, Q:2)",-67.91,98.53,4.62,,-8.46,0.9737,0.0315,0.5026
MCHL,Hydro Power,"5,425,833.00",350.30,-3.5 %,2026/04/24 02:59:41,632.50-350.00,441.17,417.47,-44.01%,"5.29                                                                    (FY:082-083, Q:2)",66.22,-21.92,-15.98,,-20.60,0.9989,-0.0004,0.4993
IHL,Hydro Power,"6,000,000.00",440.60,-2.11 %,2026/04/24 02:59:25,670.00-439.10,534.21,524.63,-33.43%,"4.50                                                                    (FY:082-083, Q:2)",97.91,98.02,4.50,,-17.52,0.9935,0.0526,0.5231
MEL,Hydro Power,"29,000,000.00",258.20,-2.16 %,2026/04/24 02:59:57,350.00-255.00,282.51,282.62,-17.25%,"-4.31                                                                    (FY:082-083, Q:2)",-59.91,58.80,4.39,,-8.61,0.9663,0.0322,0.4993
RAWA,Hydro Power,"2,800,000.00",648.70,-0.96 %,2026/04/24 02:59:46,888.00-630.00,718.94,718.11,-24.16%,"16.04                                                                    (FY:082-083, Q:2)",40.44,83.18,7.80,,-9.77,0.9275,0.0454,0.4864
NRM,Others,"9,675,000.00",403.30,-0.3 %,2026/04/24 02:56:37,590.00-390.10,427.88,431.19,-13.04%,"-3.64                                                                    (FY:082-083, Q:2)",-110.80,87.00,4.64,,-5.74,0.9340,0.0359,0.4850
ILI,Life Insurance,"50,000,000.00",437.80,0.32 %,2026/04/24 02:59:37,500.00-405.00,450.80,447.11,-5.11%,"10.83                                                                    (FY:082-083, Q:2)",40.42,129.16,3.39,10.53                                                                    (FY:081-082),-2.88,0.6547,0.0788,0.3667
USHL,Hydro Power,"2,200,000.00",660.00,-1.2 %,2026/04/24 02:59:59,945.00-588.00,754.15,756.30,-6.34%,"4.63                                                                    (FY:082-083, Q:2)",142.55,94.15,7.01,,-12.48,0.7983,0.0341,0.4162
GCIL,Manufacturing And Processing,"50,244,542.70",427.50,-1.72 %,2026/04/24 02:59:59,579.00-400.00,432.36,432.39,-18.19%,"-10.54                                                                    (FY:082-083, Q:2)",-40.56,166.58,2.57,0.53                                                                    (FY:081-082),-1.12,0.8464,0.0581,0.4523
TSHL,Hydro Power,"4,925,000.00",635.00,-1.09 %,2026/04/24 02:58:53,989.00-616.80,731.30,748.57,-16.69%,"-4.60                                                                    (FY:082-083, Q:2)",-138.04,65.57,9.68,,-13.17,0.9511,0.0149,0.4830
KBSH,Hydro Power,"1,474,596.80","1,630.00",-1.21 %,2026/04/24 02:59:48,"2,237.00-1,557.10","1,721.89","1,681.87",-23.00%,"11.29                                                                    (FY:082-083, Q:2)",144.38,137.96,11.82,0.53                                                                    (FY:081-082),0,0,0,0.0000
RNLI,Life Insurance,"51,968,000.00",458.00,0.07 %,2026/04/24 02:59:24,545.00-416.00,475.18,471.79,-11.67%,"15.24                                                                    (FY:082-083, Q:2)",30.05,144.97,3.16,12.00                                                                    (FY:081-082),-3.62,0.6744,0.0899,0.3821
SNLI,Life Insurance,"52,827,878.30",453.00,-0.22 %,2026/04/24 02:58:31,538.00-411.60,477.45,470.92,-9.61%,"10.81                                                                    (FY:082-083, Q:2)",41.91,145.03,3.12,15.26                                                                    (FY:081-082),-5.12,0.6725,0.0832,0.3779
MEHL,Hydro Power,"8,000,000.00",405.10,-1 %,2026/04/24 02:59:54,559.00-372.40,439.92,444.90,-20.42%,"4.66                                                                    (FY:082-083, Q:2)",86.93,62.93,6.44,,-7.92,0.8248,0.0403,0.4325
ULHC,Hydro Power,"5,098,040.00",526.20,2.57 %,2026/04/24 02:59:58,599.00-411.70,491.19,512.66,3.73%,"1.95                                                                    (FY:082-083, Q:2)",269.85,94.69,5.56,,7.13,0.3887,0.0389,0.2138
CLI,Life Insurance,"50,000,000.00",459.00,0.59 %,2026/04/24 02:59:46,540.00-411.00,475.53,472.96,-4.57%,"9.26                                                                    (FY:082-083, Q:2)",49.57,126.52,3.63,20.00                                                                    (FY:081-082),-3.48,0.6279,0.0712,0.3496
MANDU,Hydro Power,"13,636,370.00",810.20,-2.39 %,2026/04/24 02:55:48,970.00-766.50,814.70,824.16,-7.89%,"26.85                                                                    (FY:082-083, Q:2)",30.18,152.82,5.30,,-0.55,0.7853,0.0642,0.4248
HATHY,Investment,"31,711,680.00",853.00,-0.81 %,2026/04/24 02:59:29,"1,400.00-840.00",915.93,912.88,-38.10%,"1.23                                                                    (FY:082-083, Q:2)",693.50,67.38,12.66,0.63                                                                    (FY:081-082),-6.87,0,0.0170,0.0085
BGWT,Hydro Power,"6,782,399.00",735.00,-2.52 %,2026/04/24 02:58:45,"1,110.00-710.00",767.20,764.23,-26.35%,"9.22                                                                    (FY:082-083, Q:2)",79.72,108.91,6.75,6.00                                                                    (FY:081-082),-4.20,0,0.0397,0.0198
MSHL,Hydro Power,"8,606,600.00",730.00,0 %,2026/04/24 02:57:23,979.00-725.00,839.49,803.24,-16.83%,"17.34                                                                    (FY:082-083, Q:2)",42.10,126.20,5.78,0.79                                                                    (FY:081-082),-13.04,0.9803,0.0536,0.5170
SONA,Manufacturing And Processing,"30,750,500.00",440.00,0 %,2026/04/24 02:59:52,523.30-398.00,435.74,443.56,-6.58%,"3.09                                                                    (FY:082-083, Q:2)",142.39,191.42,2.30,,0.98,0.6648,0.0926,0.3787
MMKJL,Hydro Power,"10,000,000.00",520.00,-0.95 %,2026/04/24 02:58:55,699.90-515.00,585.58,575.01,-19.04%,"17.13                                                                    (FY:082-083, Q:2)",30.36,98.04,5.30,,-11.20,0.9730,0.0641,0.5185
TVCL,Hydro Power,"18,525,000.00",570.00,0 %,2026/04/24 02:59:34,689.00-377.60,502.78,552.43,8.82%,"-6.75                                                                    (FY:082-083, Q:2)",-84.44,80.67,7.07,,13.37,0.3821,0.0188,0.2004
VLUCL,Hydro Power,"19,125,000.00",520.00,0 %,2026/04/24 02:59:58,664.80-508.00,566.24,564.41,-18.62%,"-8.70                                                                    (FY:082-083, Q:2)",-59.77,128.63,4.04,,-8.17,0.9235,0.0361,0.4798
MKCL,Others,"7,560,000.00","1,320.00",-1.23 %,2026/04/24 02:59:58,"1,900.00-1,318.00","1,391.11","1,385.94",-18.08%,"4.69                                                                    (FY:082-083, Q:2)",281.45,108.71,12.14,0.42                                                                    (FY:081-082),0,0,0,0.0000
CKHL,Hydro Power,"4,000,000.00",688.00,1.91 %,2026/04/24 02:59:56,804.00-550.00,670.56,698.18,-1.83%,"17.54                                                                    (FY:082-083, Q:2)",39.22,95.71,7.19,,2.60,0.4567,0.0482,0.2525
NWCL,Others,"6,875,000.00",799.00,0.53 %,2026/04/24 02:59:45,"1,045.00-740.20",845.46,870.05,-15.14%,"-6.09                                                                    (FY:082-083, Q:2)",-131.20,101.24,7.89,,-5.50,0,0.0193,0.0097
HRL,Others,"108,680,000.00",683.00,-0.29 %,2026/04/24 02:59:58,"1,139.90-665.00",826.28,829.26,-31.24%,"11.92                                                                    (FY:082-083, Q:2)",57.30,157.02,4.35,,-17.34,0,0.0599,0.0300
SARBTM,Manufacturing And Processing,"52,242,750.00",841.00,-0.83 %,2026/04/24 02:59:58,"1,048.00-810.00",879.61,879.15,-4.27%,"20.61                                                                    (FY:082-083, Q:2)",40.81,188.92,4.45,15.00                                                                    (FY:081-082),-4.39,0,0.0645,0.0323
GMLI,Life Insurance,"7,500,000.00","1,375.00",-1.08 %,2026/04/24 02:59:49,"2,699.00-1,355.10","1,750.30","1,702.91",-43.34%,"3.53                                                                    (FY:082-083, Q:2)",389.52,106.91,12.86,,0,0,0,0.0000
NMIC,Non-Life Insurance,"7,500,000.00","1,078.00",-1.64 %,2026/04/24 02:59:55,"2,703.30-966.70","1,286.67","1,279.35",13.74%,"3.61                                                                    (FY:082-083, Q:2)",298.61,101.65,10.61,,0,0,0,0.0000
CREST,Life Insurance,"7,500,000.00","1,192.00",-0.58 %,2026/04/24 02:59:49,"2,458.20-783.60","1,317.42","1,347.60",52.12%,"3.13                                                                    (FY:082-083, Q:2)",380.83,111.12,10.73,,0,0,0,0.0000
OMPL,Manufacturing And Processing,"6,000,000.00","1,190.00",-0.58 %,2026/04/24 02:59:55,"2,167.20-270.00","1,280.80","1,319.32",0.00%,"-12.81                                                                    (FY:082-083, Q:2)",-92.90,97.93,12.15,,0,0,0,0.0000
PURE,Others,"8,000,000.00",917.00,-0.33 %,2026/04/24 02:59:57,"1,327.90-289.30",951.89,"1,006.65",0.00%,"2.31                                                                    (FY:082-083, Q:2)",396.97,101.63,9.02,,-3.67,0,0.0242,0.0121
TTL,Others,"8,156,097.00",810.10,-1.21 %,2026/04/24 02:59:56,"1,262.80-366.10",843.32,896.17,0.00%,"2.24                                                                    (FY:082-083, Q:2)",361.65,105.42,7.68,,-3.94,0,0.0283,0.0141
SANVI,Hydro Power,"8,800,000.00",710.00,0.85 %,2026/04/24 02:59:40,"1,060.00-359.00",741.05,807.79,0.00%,"-10.06                                                                    (FY:082-083, Q:2)",-70.58,108.90,6.52,5.25                                                                    (FY:079-080),-4.19,0,0.0193,0.0097
BHCL,Hydro Power,"9,091,013.00",544.00,-0.73 %,2026/04/24 02:59:55,699.00-292.10,536.61,573.87,0.00%,"11.05                                                                    (FY:082-083, Q:2)",49.23,107.34,5.07,,1.38,0.3809,0.0557,0.2183
HIMSTAR,Hydro Power,"3,730,000.00",892.90,-1.34 %,2026/04/24 02:59:59,"1,264.00-252.20",899.59,966.93,0.00%,"-5.84                                                                    (FY:082-083, Q:2)",-152.89,95.31,9.37,,-0.74,0,0.0161,0.0080
MABEL,Hydro Power,"3,858,240.00",676.00,-0.72 %,2026/04/24 02:59:37,927.00-317.70,713.89,750.45,0.00%,"2.33                                                                    (FY:082-083, Q:2)",290.13,103.31,6.54,,-5.31,0.4119,0.0333,0.2226
DHEL,Hydro Power,"10,305,000.00",620.00,0.08 %,2026/04/24 02:59:59,918.90-402.20,652.07,693.49,0.00%,"-1.65                                                                    (FY:082-083, Q:2)",-375.76,131.27,4.72,,-4.92,0.5785,0.0402,0.3094
SAGAR,Manufacturing And Processing,"7,260,000.00","1,807.00",2.67 %,2026/04/24 02:59:58,"2,439.00-319.50","1,765.50","1,980.75",0.00%,"-7.21                                                                    (FY:082-083, Q:2)",-250.62,128.34,14.08,,0,0,0,0.0000
SWASTIK,Microfinance,"577,500.00","2,550.00",0.2 %,2026/04/24 02:59:16,"3,400.00-391.70","2,450.52","2,840.28",0.00%,"28.94                                                                    (FY:082-083, Q:2)",88.11,157.58,16.18,,0,0,0,0.0000
BUNGAL,Hydro Power,"8,300,000.00",591.20,-0.87 %,2026/04/24 02:59:45,822.00-302.40,627.65,654.56,0.00%,"6.68                                                                    (FY:082-083, Q:2)",88.50,88.61,6.67,,-5.81,0.4442,0.0390,0.2416
BANDIPUR,Hotels And Tourism,"28,299,930.00",843.00,-1.4 %,2026/04/24 02:59:57,"1,233.00-285.00",859.02,934.15,0.00%,"-0.53                                                                    (FY:082-083, Q:2)","-1,590.57",92.47,9.12,,-1.86,0,0,0.0000
JHAPA,Others,"3,801,900.00","1,600.00",-0.74 %,2026/04/24 02:59:59,"1,749.00-293.40","1,286.49","1,419.85",0.00%,"5.53                                                                    (FY:082-083, Q:2)",289.33,100.92,15.85,,0,0,0,0.0000
SAIL,Manufacturing And Processing,"16,312,500.00","1,218.00",4.91 %,2026/04/24 02:59:59,"1,690.00-301.70","1,143.62","1,280.86",0.00%,"1.92                                                                    (FY:082-083, Q:2)",634.38,110.63,11.01,,0,0,0,0.0000
SYPNL,Manufacturing And Processing,"13,081,371.00","1,579.00",-1.31 %,2026/04/24 02:59:58,"2,255.90-319.80","1,594.80","1,747.53",0.00%,"1.20                                                                    (FY:082-083, Q:2)","1,315.83",109.64,14.40,,0,0,0,0.0000
SABBL,Development Bank Limited,"5,223,880.00","1,499.00",-0.46 %,2026/04/24 02:59:58,"2,000.00-300.00","1,235.03","1,235.03",0.00%,"-0.81                                                                    (FY:082-083, Q:3)","-1,850.62",103.75,14.45,,0,0,0,0.0000
RSML,Manufacturing And Processing,"19,000,000.00","4,220.00",-2.31 %,2026/04/24 02:59:59,"5,049.00-300.00","2,313.50","2,313.50",0.00%,"14.47                                                                    (FY:082-083, Q:2)",291.64,490.54,8.60,,0,0,0,0.0000
HFIN,Hotels And Tourism,"20,000,000.00","1,195.00",1.27 %,2026/04/24 02:59:58,"1,450.60-101.70",573.91,573.91,0.00%,"0.00                                                                    (FY:082-083, Q:3)",0.00,100.00,11.95,,0,0,0,0.0000
SOHL,Hydro Power,"100,000,000.00",814.90,2.5 %,2026/04/24 02:59:58,875.50-300.00,663.41,663.41,0.00%,"0.00                                                                    (FY:082-083, Q:3)",0.00,100.00,8.15,,22.84,0.1053,0.0245,0.0649
BJHL,Hydro Power,"10,000,000.00","1,142.00",0.96 %,2026/04/24 02:59:59,"1,305.00-270.10",852.47,852.47,0.00%,"0.00                                                                    (FY:082-083, Q:3)",0.00,100.00,11.42,,0,0,0,0.0000
SKHL,Hydro Power,"15,500,000.00","1,124.00",2.18 %,2026/04/24 02:59:59,"1,360.00-300.00",858.27,858.27,0.00%,"0.00                                                                    (FY:082-083, Q:3)",0.00,100.00,11.24,,0,0,0,0.0000
RLEL,Hydro Power,"11,850,000.00","1,321.10",3.22 %,2026/04/24 02:59:59,"1,592.30-300.00",861.19,861.19,0.00%,"0.00                                                                    (FY:082-083, Q:3)",0.00,100.00,13.21,,0,0,0,0.0000
SKHEL,Hydro Power,"5,517,394.00","1,635.00",2.75 %,2026/04/24 02:59:59,"2,069.40-284.30",894.46,894.46,0.00%,"0.78                                                                    (FY:082-083, Q:2)","2,096.15",94.91,17.23,,0,0,0,0.0000
SIPD,Hydro Power,"9,800,000.00",920.10,15 %,2026/04/24 02:58:33,920.10-284.30,545.57,545.57,0.00%,"0.00                                                                    (FY:082-083, Q:3)",0.00,100.00,9.20,,68.65,-0.0000,0.0217,0.0109
PCIL,Manufacturing And Processing,"37,500,000.00",971.40,15 %,2026/04/24 02:59:52,971.40-300.00,575.96,575.96,0.00%,"1.41                                                                    (FY:082-083, Q:2)",688.94,129.30,7.51,,68.66,-0.0000,0.0278,0.0139
